id_img,label
10004,angry
10019,sad
10023,fear
10029,fear
1003,sad
10031,neutral
10033,angry
10043,disgust
10044,surprise
10048,happy
10052,disgust
10053,disgust
10056,surprise
10065,fear
10068,neutral
10073,sad
10074,happy
10079,angry
1008,fear
10095,sad
10096,happy
10097,neutral
10099,angry
101,surprise
10106,happy
10114,fear
10116,angry
10117,happy
10118,sad
10121,disgust
10126,happy
10134,neutral
10138,happy
10141,surprise
10148,angry
10150,happy
10162,surprise
10163,sad
10171,neutral
10172,sad
10176,sad
10185,surprise
10189,sad
1020,angry
10215,angry
10218,happy
1022,sad
10237,happy
1024,sad
10246,surprise
10247,neutral
10248,happy
10252,sad
10257,happy
10259,surprise
1026,sad
10263,neutral
10266,neutral
10267,angry
10268,surprise
1027,happy
10273,neutral
10276,happy
10278,angry
10286,angry
10292,angry
10306,fear
10312,happy
10315,angry
10317,happy
1033,surprise
10336,happy
10338,fear
10339,sad
10344,happy
10346,angry
10352,sad
10355,fear
10362,happy
10365,surprise
10367,happy
10370,happy
10371,angry
10372,surprise
10375,happy
10382,happy
10383,sad
10386,sad
10399,neutral
10406,neutral
10409,happy
10415,neutral
10423,angry
10425,sad
10426,angry
10432,happy
10435,disgust
10437,fear
10443,sad
10444,surprise
10445,sad
1045,happy
10455,neutral
10456,fear
10458,sad
10467,happy
10468,angry
10480,happy
10489,surprise
10493,surprise
10512,neutral
10518,neutral
10528,happy
10532,fear
10533,neutral
10534,angry
10535,angry
10540,happy
10545,surprise
10549,neutral
10551,happy
10552,happy
10554,angry
1056,surprise
10561,sad
10571,surprise
1058,happy
10583,fear
10607,neutral
10620,happy
10622,happy
10624,neutral
10625,fear
10634,sad
10638,neutral
10640,happy
10644,neutral
10647,angry
10653,sad
10655,surprise
10676,neutral
10683,happy
10686,neutral
10693,neutral
10694,sad
10699,angry
10701,surprise
10702,neutral
10703,sad
1071,angry
10713,disgust
10715,angry
10734,surprise
1074,happy
10741,neutral
10743,angry
10746,neutral
1075,sad
10755,neutral
10758,sad
10768,surprise
10769,angry
10770,fear
10773,happy
10774,neutral
1078,sad
10787,disgust
1079,sad
10792,neutral
10797,fear
10800,surprise
1081,happy
10811,happy
10813,fear
10818,fear
10820,surprise
10823,disgust
10825,angry
10832,neutral
10837,surprise
10839,happy
10841,happy
10854,angry
10866,surprise
10871,angry
10879,happy
10881,neutral
10902,neutral
10903,happy
10906,sad
10909,surprise
10916,sad
10919,fear
10926,sad
1093,neutral
10931,surprise
10933,angry
10935,angry
1094,neutral
10944,happy
10950,surprise
10956,happy
10968,neutral
10970,angry
10979,neutral
10992,happy
11000,fear
11002,sad
1101,sad
11017,angry
11019,happy
11022,sad
11024,angry
11025,sad
11026,fear
11028,sad
11030,angry
11031,neutral
11032,surprise
11034,neutral
11036,fear
11038,sad
11039,neutral
11043,surprise
11054,neutral
11055,neutral
11057,neutral
1106,neutral
11065,sad
1107,neutral
11075,angry
11093,sad
11096,sad
11098,neutral
11100,happy
11104,neutral
11108,neutral
1111,neutral
11112,fear
11126,happy
11130,sad
11137,surprise
11138,neutral
11139,surprise
11140,sad
11143,disgust
11146,sad
1115,disgust
11150,happy
11158,neutral
1116,angry
11163,angry
11168,neutral
11169,neutral
1118,surprise
11180,happy
11186,angry
11188,angry
11192,sad
112,neutral
11200,sad
11208,happy
11209,sad
1121,happy
11213,neutral
11218,angry
11222,disgust
11233,neutral
11234,sad
11236,neutral
1124,angry
11241,happy
11251,neutral
1126,neutral
11264,happy
11266,disgust
11269,sad
1127,fear
11277,sad
11278,disgust
1128,surprise
11280,sad
11284,sad
11295,surprise
1130,angry
11302,surprise
11316,neutral
11317,neutral
1133,sad
11337,angry
11342,angry
11345,happy
11346,fear
11349,happy
11353,fear
11358,neutral
11360,happy
1137,fear
11381,angry
11390,sad
11392,happy
11395,happy
11398,fear
11400,angry
1141,disgust
11412,angry
11414,fear
11416,sad
11418,surprise
1142,neutral
11421,angry
11429,angry
11448,disgust
11451,surprise
11462,neutral
11466,surprise
11467,angry
11471,angry
1148,sad
11491,neutral
115,sad
11500,happy
11508,neutral
11516,happy
11518,neutral
1152,happy
11523,sad
11529,disgust
11530,happy
11536,surprise
1154,sad
11549,surprise
11552,happy
11558,angry
11559,angry
1156,fear
11560,sad
11561,sad
11573,surprise
11575,happy
11581,sad
11582,sad
11587,neutral
11588,sad
11589,happy
1159,surprise
11594,happy
11601,sad
11603,neutral
11604,surprise
11610,angry
11613,angry
11614,happy
11626,angry
11632,angry
11637,happy
11639,disgust
11640,sad
11642,angry
11646,happy
11653,fear
11654,neutral
11658,happy
11660,sad
11662,sad
11670,surprise
11675,neutral
11682,fear
11686,neutral
11687,neutral
11689,neutral
1169,neutral
11694,angry
11704,fear
11706,neutral
11717,happy
11721,surprise
11722,happy
11725,neutral
11727,sad
11729,sad
1173,sad
11733,happy
11738,sad
11746,sad
11747,angry
11754,sad
1176,surprise
11763,happy
11766,happy
1177,angry
11772,happy
11774,sad
11783,neutral
11785,disgust
11786,happy
11790,sad
11793,neutral
11794,sad
11808,happy
11813,angry
11814,happy
11816,neutral
11818,sad
11819,happy
11823,sad
11834,neutral
11835,fear
11836,disgust
11841,angry
11842,happy
11848,surprise
11849,angry
11850,happy
11855,angry
11865,angry
11867,neutral
11872,neutral
11875,sad
11876,sad
11880,neutral
11883,fear
11885,happy
11889,neutral
1189,neutral
11891,angry
11902,surprise
11904,fear
11909,angry
11913,neutral
11927,surprise
11928,neutral
1193,surprise
11944,surprise
11949,angry
11964,happy
11966,sad
11968,fear
11977,happy
11978,sad
1198,angry
11986,angry
11999,sad
12011,happy
1202,happy
12024,angry
12040,sad
12042,neutral
1206,angry
12063,sad
12074,sad
12086,angry
12090,sad
12092,angry
12096,angry
12098,angry
12100,sad
12106,sad
12107,surprise
12113,neutral
12116,sad
12117,neutral
12119,sad
12120,happy
12125,sad
12129,happy
12131,surprise
12134,surprise
12136,neutral
12141,happy
12144,angry
1215,neutral
12162,sad
12171,neutral
12173,neutral
12183,surprise
12190,angry
12191,happy
1220,neutral
12202,surprise
12215,fear
1222,happy
12230,happy
12237,neutral
12239,happy
12246,neutral
12255,happy
12257,happy
12259,happy
12267,sad
1227,sad
12272,neutral
12284,happy
12289,fear
12307,fear
12312,surprise
12313,fear
12318,fear
12319,neutral
12320,fear
12321,happy
12329,happy
12334,angry
12338,surprise
12349,happy
1235,angry
12350,surprise
12352,surprise
12359,happy
12361,neutral
12363,sad
12364,sad
12366,disgust
12376,happy
12379,happy
12381,surprise
12383,happy
1239,surprise
12407,sad
12410,happy
12417,disgust
12423,neutral
12431,neutral
12440,neutral
1246,happy
12463,surprise
12470,surprise
12472,neutral
1248,sad
12487,happy
12489,sad
1249,surprise
12492,fear
12496,sad
12497,surprise
12498,disgust
12500,sad
12504,surprise
12508,neutral
12512,neutral
12519,sad
12524,sad
12527,fear
12529,surprise
12547,sad
12551,surprise
12557,happy
12560,happy
12567,happy
12569,angry
12578,happy
12581,happy
12591,sad
12592,fear
12594,fear
12600,happy
12611,happy
12621,sad
12626,surprise
12634,angry
1264,neutral
12647,surprise
12648,neutral
12659,neutral
12661,sad
12672,happy
12674,angry
12676,fear
12680,angry
12684,happy
12695,neutral
12698,fear
12702,sad
12705,happy
12712,neutral
12723,surprise
12725,happy
12729,sad
12733,angry
12737,surprise
12748,surprise
12753,disgust
12758,fear
12768,surprise
12772,happy
12776,happy
12789,neutral
12791,neutral
12801,neutral
12808,angry
12809,sad
12810,angry
12818,neutral
12827,sad
12841,angry
12842,neutral
12851,angry
12852,neutral
12861,happy
12869,neutral
12879,happy
12885,happy
12891,fear
12899,sad
12903,surprise
12904,fear
12924,surprise
12928,neutral
12933,neutral
12936,neutral
12945,sad
12948,fear
12951,happy
12956,happy
12957,happy
12958,neutral
12960,fear
12973,surprise
12976,sad
1298,neutral
12986,angry
12988,sad
1300,happy
13000,fear
13009,neutral
13027,sad
13029,fear
13037,fear
13041,fear
13047,sad
13051,sad
13057,surprise
13059,angry
13067,neutral
13071,neutral
13073,happy
13080,surprise
1309,happy
13091,fear
13092,neutral
131,sad
13101,surprise
13105,happy
13108,sad
13114,sad
13118,angry
13121,happy
13127,neutral
1313,fear
13139,happy
13145,surprise
13150,fear
13151,sad
13152,fear
1316,happy
13161,disgust
13162,sad
13164,neutral
13167,angry
13169,neutral
13179,fear
13180,sad
13187,sad
13188,neutral
13203,happy
13204,happy
13205,surprise
13212,happy
13220,neutral
13228,happy
13230,surprise
13233,fear
13237,angry
13242,neutral
1325,neutral
13250,angry
13252,sad
13267,neutral
13279,neutral
1328,sad
13283,happy
13288,surprise
13293,fear
13296,sad
13301,fear
13306,angry
13308,sad
13310,angry
13317,neutral
13322,happy
13334,sad
13337,neutral
13339,sad
1334,happy
13348,angry
13351,sad
13353,happy
1336,neutral
13362,disgust
13363,happy
13366,sad
13372,disgust
13376,neutral
13380,disgust
13385,neutral
1339,neutral
13394,disgust
13395,sad
1340,angry
13405,angry
13409,neutral
1341,happy
13411,neutral
13421,sad
13424,neutral
13427,happy
13428,happy
1343,angry
13430,neutral
13431,neutral
13433,sad
13441,neutral
13449,happy
13456,happy
13460,surprise
13467,neutral
13476,happy
13482,fear
13483,sad
13486,disgust
13488,sad
13498,neutral
135,angry
1350,sad
13502,happy
13505,happy
13510,sad
13514,sad
13518,fear
13521,surprise
13526,happy
13528,happy
1353,sad
13531,neutral
13533,angry
13535,angry
13549,surprise
13561,surprise
13562,sad
13570,happy
13575,sad
1358,sad
13582,fear
13584,happy
13585,angry
13586,sad
13587,sad
13590,happy
13593,sad
13596,sad
13597,angry
13598,angry
13599,sad
13603,sad
13607,angry
13615,happy
13618,happy
13619,sad
13622,surprise
13631,neutral
13633,sad
13638,sad
1364,happy
13644,neutral
13652,disgust
13653,angry
13655,happy
13664,surprise
13666,sad
1367,fear
13670,disgust
13671,sad
13672,fear
13683,fear
13684,surprise
13692,sad
13694,surprise
13695,neutral
13703,happy
13706,happy
13714,sad
13715,happy
13726,sad
13738,angry
13740,surprise
13757,angry
13758,neutral
1376,angry
13761,sad
13792,angry
13793,sad
13798,fear
13800,neutral
13801,sad
13802,happy
13808,neutral
1381,happy
13812,fear
13825,surprise
13833,happy
13834,happy
13837,fear
13843,neutral
13847,surprise
13848,happy
13852,sad
13855,neutral
1386,surprise
13870,sad
13874,happy
13876,surprise
13877,happy
13888,sad
1389,fear
13890,sad
13897,neutral
13899,neutral
139,surprise
13907,sad
13909,sad
13911,disgust
13912,surprise
13913,angry
13921,sad
13925,happy
13928,surprise
13933,sad
13939,fear
13940,sad
1395,neutral
13955,happy
13965,angry
13968,surprise
13969,happy
13971,angry
13978,angry
13979,sad
13983,neutral
13991,happy
1401,sad
14011,fear
14022,angry
14030,angry
14033,neutral
14037,sad
14041,neutral
14044,happy
14047,sad
14048,sad
14057,happy
14058,sad
14063,happy
1407,angry
14070,neutral
14080,surprise
14082,fear
14091,fear
14092,happy
141,neutral
1410,surprise
14106,neutral
14108,angry
1411,neutral
14113,sad
14114,disgust
14115,surprise
14117,disgust
14118,happy
14120,fear
14122,surprise
14127,neutral
14135,sad
14136,sad
14139,happy
14148,sad
14152,surprise
14154,neutral
14155,sad
14169,happy
14170,neutral
14174,neutral
14175,sad
14185,disgust
14187,neutral
14190,neutral
1420,sad
14206,angry
14208,sad
1422,fear
14224,happy
14226,sad
14236,happy
14243,neutral
14250,neutral
14268,fear
14278,happy
14282,happy
1429,sad
14292,happy
14305,surprise
14306,sad
14310,happy
14314,happy
14315,angry
14327,surprise
14329,angry
14331,surprise
14342,neutral
14346,sad
14348,happy
14352,neutral
14357,happy
14360,happy
14362,angry
14371,happy
14375,surprise
14376,angry
14378,happy
1438,sad
14381,sad
14384,neutral
14388,sad
14406,neutral
1441,sad
14419,sad
14421,angry
14427,disgust
14436,neutral
14438,neutral
14444,neutral
14448,happy
14452,sad
14459,fear
14464,angry
14472,disgust
14473,happy
14474,sad
14475,happy
14481,sad
14484,neutral
14487,neutral
1449,surprise
14494,sad
14495,neutral
14496,neutral
14498,angry
14505,sad
14509,angry
14513,sad
14516,happy
14517,angry
14518,neutral
14522,sad
14524,sad
14529,fear
14542,neutral
14546,happy
14550,sad
14551,sad
14557,neutral
14561,sad
14564,sad
1457,surprise
14572,sad
14574,happy
14578,sad
14586,happy
14593,happy
1460,angry
14605,fear
14611,happy
14620,angry
14637,fear
14641,surprise
14645,happy
14647,surprise
1465,angry
14671,fear
14682,sad
14691,surprise
14696,sad
14697,surprise
14700,happy
14703,neutral
14706,happy
14717,neutral
14722,fear
14729,sad
14730,happy
1474,sad
14741,sad
14744,sad
14747,neutral
14757,happy
14759,sad
1477,neutral
14775,sad
14786,sad
14789,sad
14792,happy
14798,surprise
148,angry
1482,neutral
14821,sad
14831,sad
14835,sad
14836,disgust
1485,fear
14859,neutral
14867,neutral
14869,neutral
14870,angry
14877,happy
14891,surprise
1491,happy
14914,surprise
14927,surprise
14929,neutral
1493,happy
14945,neutral
14954,sad
14957,neutral
14958,angry
14965,happy
14968,surprise
14973,neutral
14980,neutral
14987,sad
15001,fear
15007,neutral
15008,surprise
15012,disgust
15013,fear
15034,surprise
15037,angry
15039,happy
15040,angry
15044,neutral
15047,surprise
15052,happy
1506,sad
15060,happy
15070,neutral
15074,fear
15077,happy
15078,fear
1508,neutral
15088,sad
15090,sad
15099,happy
15101,surprise
15102,neutral
15106,neutral
15110,disgust
1512,neutral
15120,neutral
15121,sad
15129,neutral
15132,fear
15134,fear
15138,angry
15145,sad
15147,happy
1515,angry
15167,angry
15168,neutral
15169,fear
15172,fear
15179,surprise
15181,happy
15190,disgust
15191,sad
15192,angry
15193,neutral
15194,angry
15198,fear
15207,angry
15208,angry
15210,neutral
15212,happy
15216,angry
15217,sad
15220,angry
15221,angry
15222,angry
15229,happy
15238,surprise
15244,fear
15248,neutral
15257,happy
15260,fear
15263,surprise
15268,fear
15269,happy
15271,happy
15279,sad
15280,fear
15289,sad
15292,happy
15293,sad
15294,disgust
15295,sad
15310,happy
15323,happy
15331,happy
15333,disgust
15334,happy
15335,happy
1534,sad
15350,happy
15354,surprise
1536,sad
15365,sad
15366,neutral
15373,fear
15378,surprise
1538,happy
15383,surprise
15387,neutral
15397,happy
15400,sad
15405,surprise
15409,happy
15416,happy
15426,sad
15432,happy
15436,sad
15438,happy
15441,neutral
15443,happy
15445,neutral
15447,neutral
15454,surprise
15455,neutral
15459,sad
15462,sad
15467,surprise
15468,neutral
15474,sad
15484,sad
15486,surprise
15487,surprise
1549,angry
15494,happy
15500,angry
15502,neutral
15503,fear
15518,happy
15520,neutral
15523,surprise
15524,surprise
15527,surprise
15529,disgust
15533,surprise
15534,disgust
15535,sad
15536,sad
15539,neutral
15544,surprise
1555,neutral
15562,angry
15565,neutral
15568,happy
15570,sad
15578,fear
15580,sad
15589,happy
15592,happy
1560,sad
15611,angry
15613,sad
15615,fear
15616,happy
15621,happy
15622,angry
15628,surprise
15634,sad
15635,surprise
15637,happy
15638,neutral
15642,sad
15644,sad
15651,fear
15654,neutral
15657,sad
15663,sad
15668,sad
15677,happy
15678,fear
15686,happy
15696,neutral
15697,sad
15699,fear
157,angry
15708,happy
15709,angry
15712,sad
15713,neutral
15715,surprise
15716,neutral
15717,sad
1572,sad
15721,angry
15725,fear
1575,disgust
15758,happy
1576,neutral
15767,happy
15771,sad
15778,fear
15788,neutral
15791,surprise
15795,neutral
15802,surprise
1582,angry
15820,sad
15821,sad
15824,sad
1583,sad
15835,sad
1584,angry
15843,happy
15847,neutral
15848,angry
15854,happy
15859,angry
15867,sad
15870,angry
15881,fear
15885,sad
15890,happy
15897,angry
15904,sad
15909,sad
15910,happy
15919,angry
15921,angry
15922,fear
15929,sad
15932,sad
15941,sad
15944,surprise
15950,angry
15954,happy
15963,happy
15966,surprise
15976,happy
15979,sad
15983,neutral
15984,fear
1599,neutral
15999,sad
16003,neutral
16010,sad
16019,sad
16021,disgust
16033,angry
16037,fear
16039,fear
16042,happy
16053,sad
16054,angry
16056,happy
1606,sad
16064,happy
16071,fear
16075,sad
16076,happy
16081,happy
16087,neutral
16094,sad
16101,neutral
16102,fear
16106,angry
16108,happy
16110,fear
16113,sad
16120,happy
16121,disgust
16125,sad
16133,surprise
16134,fear
16141,happy
16143,neutral
16151,neutral
16169,sad
16172,surprise
16192,fear
16196,sad
16198,happy
16208,sad
16222,sad
16226,sad
16229,surprise
16233,sad
16237,surprise
16238,happy
16257,angry
16264,angry
16275,happy
16277,fear
1628,happy
16280,surprise
16287,angry
16292,angry
16304,neutral
16308,happy
16318,fear
16324,neutral
16329,neutral
16330,fear
16338,sad
16346,surprise
16350,neutral
16363,fear
16370,happy
16374,surprise
16375,happy
16380,angry
16387,disgust
16388,sad
16389,sad
16395,fear
16396,fear
1640,happy
16405,sad
16406,angry
16407,happy
16410,happy
16413,neutral
16415,disgust
16419,neutral
16423,happy
16428,neutral
16429,sad
16440,surprise
16441,sad
16443,neutral
16444,happy
1645,neutral
16450,surprise
16460,sad
16463,angry
16464,angry
16475,sad
16476,neutral
16478,sad
16486,fear
16489,sad
16501,sad
16503,sad
16506,disgust
16507,neutral
16508,neutral
16510,fear
16511,neutral
16523,fear
16530,surprise
16535,sad
16539,sad
1654,fear
16550,happy
16557,sad
16558,sad
16559,sad
1656,neutral
16562,happy
16565,neutral
16569,disgust
1657,surprise
16570,sad
16575,sad
16583,happy
16588,happy
16596,happy
1660,angry
16604,happy
16609,sad
16611,happy
16619,fear
16632,angry
16633,happy
16643,disgust
16645,happy
16646,disgust
16649,happy
16659,sad
16666,fear
16667,happy
16674,fear
16681,angry
16685,neutral
1669,neutral
16696,sad
16699,happy
167,happy
1670,happy
16700,happy
16706,sad
16710,sad
16711,happy
16712,sad
16714,neutral
16718,disgust
1672,disgust
16721,surprise
16734,sad
16738,happy
1675,neutral
16751,happy
16752,sad
16756,happy
16759,neutral
16764,fear
16768,angry
16770,happy
16774,sad
16775,fear
16776,sad
1678,angry
16783,angry
16787,neutral
16788,fear
16792,angry
16795,happy
16798,sad
16799,happy
16802,sad
16809,happy
16811,happy
16817,neutral
16818,happy
16821,sad
16823,neutral
16829,surprise
1683,angry
16830,fear
16837,sad
16839,sad
16845,neutral
1685,sad
16860,surprise
16863,neutral
16875,fear
1688,angry
16886,surprise
16890,neutral
16895,sad
16901,neutral
16915,sad
16930,happy
16938,sad
16947,surprise
16952,happy
16954,neutral
16959,surprise
16962,neutral
16964,happy
16967,happy
16969,sad
16971,happy
16977,happy
16980,surprise
16985,happy
16989,angry
1699,happy
16990,fear
16995,surprise
16999,sad
17002,fear
17003,angry
17007,happy
17010,happy
17011,sad
17015,neutral
17016,surprise
17018,sad
17019,fear
17021,sad
17022,happy
17024,angry
17027,surprise
17028,neutral
17032,happy
1704,sad
17041,happy
17044,angry
17053,neutral
1707,happy
17085,sad
17098,happy
17099,angry
1710,fear
17100,neutral
17104,fear
17105,sad
17107,angry
17114,fear
17117,happy
17128,sad
17131,sad
17137,happy
17148,surprise
17157,angry
1716,neutral
17161,surprise
17163,neutral
17167,fear
1717,angry
17170,neutral
17177,surprise
17180,fear
17186,angry
17188,happy
17191,fear
17194,happy
172,sad
17205,surprise
17206,angry
17207,happy
17209,happy
17211,sad
17212,neutral
17213,happy
17215,disgust
17217,sad
1722,surprise
17220,happy
17228,happy
17231,neutral
17236,surprise
17237,sad
17245,sad
17248,happy
17251,fear
17257,sad
17259,happy
17260,sad
17267,sad
1727,angry
17273,neutral
17275,angry
17276,neutral
17279,sad
17290,surprise
17293,sad
17295,sad
17297,sad
17309,surprise
17314,sad
17316,angry
17318,sad
17319,happy
17331,neutral
17334,disgust
17341,neutral
17344,angry
17345,neutral
1735,surprise
17350,neutral
17359,neutral
1736,sad
17363,fear
17367,angry
17369,sad
1737,neutral
17371,neutral
1738,neutral
17381,happy
17397,happy
17402,happy
17413,angry
17417,neutral
17422,surprise
17424,sad
17426,angry
17428,fear
17429,neutral
17432,sad
17433,fear
17445,neutral
17447,happy
17449,sad
17452,neutral
17462,neutral
17470,surprise
17479,angry
17484,happy
17485,happy
17494,happy
17498,happy
1750,fear
17502,angry
17503,happy
17506,sad
1751,neutral
17518,sad
17524,happy
17536,angry
17538,disgust
17541,happy
17543,happy
17550,sad
17552,happy
17555,neutral
17558,sad
1756,fear
17563,neutral
17582,sad
17587,angry
1759,neutral
17597,sad
17598,neutral
176,surprise
17607,neutral
17609,happy
17610,fear
17624,happy
17625,sad
17631,sad
1764,surprise
17647,angry
17654,happy
17662,neutral
17666,sad
17668,fear
17678,sad
1768,happy
17682,happy
17684,happy
17685,neutral
17692,happy
17693,surprise
17694,happy
17695,neutral
17698,happy
1770,happy
17700,angry
17702,neutral
17705,angry
17707,fear
17710,fear
17713,angry
17715,happy
17717,angry
1772,neutral
17730,neutral
17731,angry
17735,angry
17736,angry
17746,sad
17752,sad
17762,sad
17763,neutral
17767,sad
17772,happy
17775,sad
1778,angry
17784,sad
17787,sad
17790,neutral
17794,sad
17799,happy
17802,sad
17815,neutral
17816,angry
17821,happy
17831,neutral
17834,happy
17837,neutral
17845,surprise
1785,fear
1787,surprise
17886,neutral
17887,sad
17901,angry
17904,happy
17906,angry
17910,angry
17912,sad
17919,surprise
1793,happy
17930,fear
17932,sad
17934,neutral
17936,happy
17939,angry
17952,surprise
1796,sad
17973,neutral
17980,angry
1799,angry
1800,surprise
18001,neutral
18006,angry
18010,angry
18016,happy
18018,happy
18025,happy
18026,surprise
18033,happy
18035,neutral
18037,happy
18038,surprise
18047,sad
18050,happy
18067,neutral
18068,neutral
18073,sad
18077,neutral
18080,happy
18082,angry
18101,disgust
18104,fear
18106,angry
18108,surprise
18117,fear
18120,fear
18130,angry
18132,surprise
18140,angry
18142,angry
18148,sad
1815,happy
18161,fear
18165,happy
18166,surprise
18168,angry
18173,happy
18180,neutral
18181,fear
18183,disgust
1819,neutral
18193,sad
18198,surprise
18200,neutral
18203,angry
18205,happy
18208,neutral
18223,neutral
18226,happy
18237,happy
18245,happy
18247,disgust
18249,sad
1825,happy
18250,happy
18254,neutral
18256,happy
18259,surprise
18260,sad
18270,neutral
18281,neutral
18284,angry
18285,surprise
18288,neutral
18291,neutral
18297,happy
18299,surprise
1830,fear
18300,neutral
18301,neutral
18308,happy
18309,surprise
18312,neutral
18313,surprise
18317,fear
18321,neutral
18325,angry
18336,sad
18339,happy
18345,sad
18349,sad
1835,neutral
18361,neutral
18364,neutral
18367,sad
18376,angry
1838,fear
18380,sad
18381,sad
18383,happy
18388,neutral
18389,neutral
18393,surprise
18404,surprise
18405,happy
1841,neutral
18415,disgust
18424,sad
18425,happy
1843,fear
18431,neutral
18436,surprise
18442,happy
18443,happy
18445,angry
18457,happy
18459,sad
18464,disgust
18466,angry
18469,sad
18471,happy
18475,disgust
18476,happy
18483,neutral
18487,happy
18492,sad
18497,neutral
18503,happy
18505,happy
18513,angry
18517,happy
18521,surprise
18523,neutral
18527,fear
18531,angry
18534,neutral
1854,sad
18541,happy
18542,fear
18545,neutral
18550,sad
18554,sad
18555,surprise
18556,happy
18565,neutral
18566,angry
18568,happy
18569,angry
1857,angry
18573,neutral
18574,disgust
18577,fear
18578,happy
18588,angry
18593,angry
18602,happy
18610,sad
18613,fear
18615,neutral
18617,sad
18619,surprise
18631,surprise
18633,sad
1864,surprise
18641,fear
18655,happy
18658,neutral
18662,happy
18678,surprise
18687,angry
1869,happy
18695,angry
187,happy
18700,fear
18703,neutral
18706,surprise
18708,neutral
18713,sad
18715,angry
18716,angry
18725,sad
18729,happy
1873,surprise
18732,sad
18734,sad
1874,happy
18742,surprise
18753,sad
18757,angry
18763,fear
18778,neutral
18779,angry
18783,happy
18791,neutral
1880,angry
18803,neutral
18810,angry
18822,happy
18825,angry
18827,sad
18834,happy
18835,happy
18837,sad
18842,neutral
18849,happy
18855,sad
18861,happy
18862,surprise
18864,surprise
1887,happy
18872,disgust
18873,happy
18882,angry
18885,happy
18888,angry
18897,angry
18898,happy
18903,sad
18904,surprise
18905,angry
18908,fear
18909,sad
1891,sad
18911,surprise
18914,angry
1892,neutral
18926,neutral
18927,sad
18930,happy
18944,happy
18948,happy
18949,neutral
18952,happy
1896,neutral
18960,sad
18962,sad
1897,neutral
18973,happy
18974,angry
18976,fear
18983,disgust
18984,angry
18986,sad
1899,sad
18994,angry
19000,sad
19008,happy
19009,happy
19012,happy
19014,happy
19020,fear
19025,happy
19029,sad
19049,neutral
19051,surprise
19056,happy
19060,sad
19062,happy
19063,happy
19064,neutral
19067,sad
19074,happy
1908,fear
19082,fear
19084,sad
19089,fear
19093,angry
19095,sad
19105,happy
19108,fear
1911,surprise
19114,neutral
19115,angry
19119,fear
19127,happy
19130,sad
19131,surprise
19132,happy
19137,neutral
1914,surprise
19140,sad
19142,fear
19145,neutral
19148,happy
19152,happy
19160,happy
19162,happy
19165,neutral
19177,fear
19179,fear
19181,happy
19187,fear
19188,sad
1919,happy
192,surprise
1920,happy
19204,neutral
19210,happy
19214,sad
19216,sad
19226,fear
19234,neutral
19235,surprise
19245,happy
19252,sad
19259,angry
1926,fear
19263,happy
19267,fear
19268,angry
19269,happy
19274,neutral
19284,happy
19285,sad
1929,fear
19291,sad
19292,neutral
19303,sad
19309,neutral
1931,sad
19314,surprise
19317,happy
19318,happy
19323,happy
19329,angry
19340,surprise
19346,happy
19349,happy
19357,happy
19362,surprise
19364,neutral
1937,neutral
19370,happy
19373,neutral
19377,happy
19378,happy
1938,happy
19384,fear
19389,fear
1939,neutral
19390,angry
19392,fear
19398,happy
19402,sad
19411,neutral
19422,sad
19431,surprise
19435,neutral
19438,happy
19449,happy
1945,surprise
19454,sad
19461,sad
19470,sad
19473,disgust
19476,disgust
19477,sad
19478,happy
19485,sad
19486,sad
19492,happy
19495,fear
19496,surprise
19497,neutral
19499,happy
19514,happy
1952,surprise
1953,happy
19531,sad
19533,neutral
19535,happy
19536,happy
19548,sad
19549,happy
19559,angry
19568,happy
19571,angry
19578,neutral
19581,sad
19589,neutral
19590,neutral
19591,neutral
19594,surprise
19597,happy
19599,angry
196,happy
19600,happy
19601,surprise
19605,sad
19607,fear
19609,neutral
19612,sad
19615,neutral
19643,happy
19644,fear
19649,disgust
19650,surprise
1966,angry
19663,neutral
19664,neutral
19665,surprise
19668,happy
19674,sad
19680,happy
19682,sad
19696,happy
19700,happy
19709,happy
19711,happy
1972,neutral
19720,neutral
1973,sad
19731,fear
19732,angry
19734,sad
1974,happy
19740,disgust
19744,happy
19747,happy
19748,happy
19754,sad
19755,surprise
19768,happy
19770,disgust
19785,angry
19793,neutral
19795,fear
19797,neutral
19799,angry
19801,neutral
19803,happy
19810,angry
19811,sad
19829,sad
1983,disgust
19831,sad
19832,angry
19837,happy
19841,fear
19855,sad
1986,surprise
19861,sad
19863,neutral
19864,neutral
19877,happy
1988,sad
19880,neutral
19883,happy
19888,surprise
19889,happy
19893,sad
19896,angry
19897,sad
19906,angry
19918,happy
1992,surprise
19923,angry
19934,sad
1994,happy
19950,neutral
19953,disgust
19957,happy
19958,happy
19961,happy
19962,happy
19968,happy
19969,sad
19972,surprise
19973,sad
19975,sad
19983,neutral
19993,happy
19995,fear
20,neutral
200,angry
20008,neutral
2001,happy
20019,neutral
20023,happy
20025,happy
20028,neutral
20032,happy
20036,neutral
20037,surprise
20039,happy
20041,surprise
20048,happy
20058,happy
2006,angry
20062,sad
20072,sad
20073,sad
20083,disgust
20091,happy
201,sad
20104,neutral
20111,happy
2012,happy
20120,happy
20122,happy
20135,angry
20140,happy
20146,surprise
20148,surprise
20150,neutral
20155,disgust
20157,neutral
20162,surprise
20165,happy
20167,surprise
20171,sad
20181,neutral
2019,happy
20192,fear
20193,neutral
20194,fear
20196,happy
20208,happy
20213,happy
20214,sad
20216,neutral
20217,sad
20218,happy
20222,angry
20223,neutral
20227,neutral
20229,happy
20239,disgust
20252,happy
20257,neutral
20262,surprise
20265,happy
20267,happy
20272,sad
20274,sad
20285,happy
20287,surprise
20289,neutral
20290,angry
20293,surprise
20296,sad
20298,angry
20301,sad
20303,neutral
20312,fear
20313,neutral
20318,happy
20328,angry
20337,neutral
20353,angry
20355,happy
20360,neutral
20365,happy
20369,surprise
20371,angry
20372,neutral
20373,surprise
20374,sad
20377,happy
20387,surprise
2039,sad
20395,sad
20400,neutral
20407,fear
20411,happy
20412,happy
20416,neutral
20424,angry
20430,happy
20432,sad
2044,neutral
20445,happy
20450,surprise
20451,happy
20461,fear
20467,fear
20468,sad
20469,angry
2047,sad
20476,angry
20490,happy
20495,angry
2050,angry
20500,happy
20505,sad
20507,happy
20508,fear
20511,sad
20514,neutral
20517,neutral
20519,happy
20526,happy
2053,sad
20532,fear
20547,happy
20549,sad
2055,angry
20560,angry
20561,happy
20563,sad
20567,happy
20573,fear
20579,fear
2058,happy
20580,happy
20584,surprise
20588,sad
20589,sad
20594,happy
20595,happy
20598,angry
20603,surprise
20616,happy
20617,neutral
20621,neutral
20629,angry
20630,happy
20635,angry
2064,happy
20640,angry
20650,sad
20653,sad
20656,sad
20664,neutral
20665,neutral
20666,happy
20667,angry
20670,angry
20673,angry
20675,neutral
2068,sad
20680,disgust
20684,happy
20685,happy
20686,happy
2069,happy
20691,surprise
20715,neutral
20736,angry
20737,angry
20739,angry
20745,happy
20750,disgust
20761,fear
20786,surprise
20796,fear
20814,neutral
20817,surprise
20821,happy
20829,happy
20831,sad
20833,sad
2084,disgust
20843,fear
20849,neutral
20850,happy
20851,sad
20855,surprise
20856,sad
20857,happy
20865,happy
20866,happy
20875,neutral
20882,surprise
20889,happy
20892,neutral
20893,sad
20897,angry
2090,surprise
20908,neutral
2091,fear
20918,happy
20933,neutral
20935,surprise
20941,happy
20945,happy
20947,happy
20948,sad
20949,happy
20958,happy
20964,neutral
20967,fear
20970,neutral
20972,angry
20979,disgust
2098,sad
20984,happy
20988,happy
20989,fear
20994,neutral
21,fear
210,happy
21005,sad
21006,sad
21025,angry
21027,happy
21029,angry
21030,disgust
21033,happy
21036,sad
21044,fear
21068,angry
21070,surprise
21072,surprise
21074,surprise
21077,angry
21078,sad
21082,sad
21092,neutral
21097,happy
21098,happy
21099,disgust
21101,sad
21102,fear
21104,neutral
21111,angry
21120,happy
21131,angry
21135,angry
2114,fear
21143,happy
21148,surprise
21150,sad
21151,fear
21153,surprise
21154,surprise
21161,disgust
21166,neutral
21167,neutral
2117,surprise
21173,angry
21177,happy
21185,happy
2119,surprise
21199,sad
2120,angry
21200,happy
21201,sad
21210,fear
21217,surprise
2122,happy
21221,angry
21227,surprise
21230,sad
21233,happy
21235,neutral
21239,surprise
21249,angry
21250,sad
21265,surprise
21269,angry
21275,happy
21280,surprise
21282,neutral
21284,angry
21292,happy
21299,surprise
213,happy
21305,happy
21311,neutral
21312,neutral
21314,neutral
21316,happy
21324,sad
2133,neutral
21337,neutral
21348,happy
2135,happy
21351,neutral
21352,sad
21360,sad
2137,happy
21371,angry
21374,sad
21376,happy
21377,neutral
21384,happy
21386,sad
21387,surprise
21393,sad
21394,happy
21404,happy
21417,surprise
2142,sad
21420,sad
21428,sad
21434,fear
21439,fear
21441,happy
21447,fear
21451,neutral
21455,happy
2146,sad
21460,happy
21461,surprise
21464,disgust
21468,surprise
21470,neutral
21472,angry
21473,happy
21475,angry
21483,angry
2149,neutral
21499,angry
21500,sad
21501,disgust
21511,angry
21512,angry
2152,sad
21520,fear
21524,happy
21531,fear
21535,fear
21538,happy
21541,neutral
21545,surprise
21549,neutral
21556,neutral
21557,neutral
21559,fear
2156,neutral
2157,disgust
21570,fear
21573,sad
21574,happy
21578,surprise
21587,surprise
21589,neutral
2159,happy
21593,happy
21598,surprise
21602,happy
21605,happy
21615,angry
21618,happy
21632,fear
21638,angry
21654,angry
21658,sad
21663,happy
21666,sad
21670,sad
2168,surprise
21681,sad
21686,fear
21695,happy
21697,happy
21699,happy
217,neutral
21703,angry
21708,happy
21715,angry
2172,happy
21720,sad
21723,neutral
2173,surprise
21730,happy
21744,angry
21750,happy
21752,fear
2176,sad
21765,disgust
21766,sad
21769,fear
21778,angry
2178,surprise
21782,angry
21783,happy
21787,happy
21794,sad
21807,surprise
21812,sad
21817,sad
2182,angry
21822,neutral
21824,surprise
21825,neutral
21833,fear
21834,surprise
21835,happy
21836,angry
2184,happy
21846,sad
21851,disgust
21852,surprise
21858,fear
21862,neutral
21865,angry
21876,happy
21877,sad
21880,sad
21887,happy
21896,fear
21899,happy
21906,surprise
21916,angry
21921,sad
21922,sad
21927,happy
2194,sad
21942,fear
21943,happy
21946,angry
2195,surprise
21961,neutral
21962,surprise
21967,fear
21968,angry
21971,sad
21973,surprise
21978,angry
21987,surprise
21988,disgust
21990,neutral
2200,fear
22004,sad
22019,happy
22023,sad
22025,fear
22028,neutral
22032,sad
2204,happy
22050,disgust
22051,neutral
22056,neutral
22064,sad
22067,sad
2207,neutral
22074,fear
22080,happy
22088,neutral
22089,angry
22091,happy
22095,neutral
22097,happy
22102,surprise
22111,neutral
22117,neutral
22123,neutral
22128,surprise
22130,fear
22131,fear
22138,disgust
22140,happy
22150,happy
22154,happy
2216,neutral
22166,happy
22178,angry
22179,happy
22183,sad
22184,happy
22191,happy
22194,angry
22198,angry
22201,happy
2223,neutral
22241,sad
22247,happy
2225,disgust
22255,happy
2226,fear
22267,neutral
2227,neutral
22271,happy
22278,fear
2228,surprise
22289,sad
22290,happy
22292,neutral
22301,sad
22305,surprise
22309,angry
2231,happy
22319,disgust
22320,disgust
22322,fear
22325,neutral
22326,surprise
22334,sad
22335,angry
22336,neutral
2234,surprise
22340,happy
22346,happy
22347,happy
22349,neutral
22351,fear
22354,sad
22357,surprise
22372,surprise
22375,happy
2238,fear
22380,happy
22388,happy
2239,sad
22390,angry
22395,happy
224,surprise
22403,sad
22410,neutral
22416,sad
22419,happy
22424,disgust
22442,neutral
22448,angry
22449,sad
22452,sad
22457,fear
22458,angry
22459,happy
22466,happy
22482,neutral
22485,sad
22497,surprise
22506,happy
22508,sad
22509,angry
22516,angry
22517,neutral
22520,surprise
22521,sad
22525,surprise
22532,happy
22545,happy
2256,angry
22560,happy
22571,angry
22574,happy
22576,sad
22587,neutral
22600,happy
22602,angry
22604,sad
22607,neutral
22612,happy
22614,happy
22617,neutral
22619,sad
22627,neutral
22631,neutral
22640,sad
22651,surprise
22655,neutral
22662,sad
22666,surprise
22671,sad
22679,angry
22688,neutral
22690,sad
22691,neutral
22695,sad
22704,sad
22711,happy
22720,angry
2273,sad
22733,angry
22739,angry
22741,happy
2275,disgust
22750,happy
22754,sad
22756,sad
22761,surprise
22763,happy
22765,happy
22766,angry
22771,surprise
22774,neutral
22778,happy
2278,angry
22784,happy
22787,neutral
22789,neutral
2279,angry
22791,angry
22804,happy
22805,happy
22807,neutral
22808,sad
22810,angry
22816,neutral
2282,happy
22820,neutral
22827,fear
22832,happy
22834,happy
22839,surprise
2284,happy
22840,fear
22863,surprise
22864,fear
22867,neutral
2287,happy
22886,neutral
22894,happy
2290,sad
22900,happy
22910,angry
22916,neutral
22917,neutral
22921,surprise
22924,neutral
2293,happy
22935,happy
22937,neutral
22944,happy
22961,sad
22974,sad
22977,neutral
22987,neutral
22988,sad
22989,sad
22990,disgust
22991,happy
22992,neutral
22997,happy
23,disgust
23008,disgust
23012,sad
23028,fear
2303,disgust
23038,sad
23039,neutral
23041,neutral
2305,happy
23053,surprise
23054,angry
23057,sad
23059,angry
23060,fear
2307,happy
2308,happy
23083,neutral
23085,angry
23096,happy
231,sad
23100,surprise
23101,happy
23103,neutral
23114,happy
23119,neutral
2312,angry
23122,happy
23126,fear
23141,disgust
23142,neutral
23151,surprise
23153,sad
23155,surprise
23164,neutral
23167,sad
23170,happy
23172,neutral
23184,angry
23186,neutral
23192,sad
23194,angry
23204,neutral
23209,fear
23215,neutral
23216,happy
23220,sad
23224,happy
23230,happy
23238,happy
2324,happy
23244,sad
23246,angry
23260,fear
2327,happy
23272,happy
23291,happy
23293,sad
23297,sad
23304,sad
23305,surprise
23319,happy
23320,sad
23321,happy
23327,disgust
23328,surprise
23332,sad
23334,happy
23341,neutral
23343,neutral
23346,happy
23348,neutral
23362,sad
23368,fear
23374,sad
23377,happy
23380,happy
23381,happy
23386,fear
23389,fear
23396,neutral
23403,sad
23404,fear
23407,sad
23413,neutral
23419,happy
23427,sad
23430,sad
23433,fear
23440,happy
23447,angry
23452,sad
23453,happy
23457,neutral
23462,sad
23463,angry
23468,happy
23470,neutral
23471,angry
23473,angry
23477,angry
23483,neutral
23487,sad
23488,angry
2350,happy
23501,happy
23507,angry
23517,disgust
23521,sad
23525,happy
23532,angry
23540,surprise
23542,disgust
23549,sad
23555,happy
23559,happy
23561,fear
23562,sad
23565,neutral
23566,fear
2357,angry
23572,happy
23584,happy
23590,happy
23601,neutral
23609,neutral
23612,happy
23621,happy
23623,sad
23634,neutral
23654,sad
23658,sad
23661,surprise
23662,surprise
23664,happy
23665,disgust
23666,neutral
23667,happy
2367,neutral
23675,disgust
23691,neutral
23700,angry
23715,sad
23718,surprise
23722,neutral
23725,neutral
23731,sad
23739,neutral
2374,happy
23741,angry
23747,surprise
23748,sad
23749,angry
23751,surprise
23760,sad
23764,neutral
23767,fear
2377,happy
23770,sad
23778,sad
23779,sad
2378,fear
23780,angry
23781,sad
23783,disgust
23786,happy
23791,fear
23792,neutral
23794,neutral
23801,happy
23813,happy
23814,disgust
23817,sad
23829,angry
23832,sad
23847,angry
23848,happy
23853,neutral
23858,neutral
23862,happy
23865,happy
23866,happy
23869,neutral
23876,sad
23884,angry
23885,surprise
23886,disgust
23891,happy
23893,neutral
23897,happy
23901,sad
23905,sad
2391,disgust
23915,sad
23917,surprise
23920,happy
23929,neutral
23933,happy
23941,surprise
23943,neutral
23945,neutral
23946,happy
23948,sad
23949,surprise
23965,sad
23968,sad
23978,angry
23991,sad
24003,neutral
24013,sad
24016,sad
24022,angry
24027,happy
2403,sad
24031,angry
24035,sad
24046,surprise
24050,surprise
24051,neutral
24054,sad
24055,happy
24057,angry
24065,neutral
24066,sad
24067,disgust
2407,neutral
24071,angry
24077,sad
24079,happy
24087,sad
24088,fear
24089,fear
24099,happy
24101,neutral
24104,neutral
24105,neutral
2411,fear
2412,surprise
24123,happy
24131,neutral
24133,sad
24137,happy
24143,surprise
24148,disgust
24156,neutral
2416,sad
24160,angry
24161,happy
24163,surprise
24165,fear
24167,surprise
24168,sad
24173,sad
24174,surprise
24175,angry
24176,disgust
24179,fear
2418,neutral
24182,disgust
24183,sad
24184,angry
24185,angry
24187,neutral
24189,angry
24200,happy
24201,surprise
2421,happy
24211,happy
24213,fear
24217,fear
24219,happy
24220,neutral
24224,happy
24232,sad
24239,angry
2424,happy
24241,happy
24247,disgust
24252,sad
24259,surprise
2426,neutral
24263,disgust
2427,fear
24286,sad
24289,happy
24291,neutral
24292,happy
24297,happy
24299,happy
2431,sad
24329,fear
24340,sad
24347,neutral
24354,happy
24355,happy
24358,neutral
2436,neutral
24360,happy
24363,sad
24378,angry
24380,happy
24384,neutral
24390,happy
24391,surprise
24393,happy
24395,happy
24404,fear
24410,sad
24411,surprise
24412,angry
24415,surprise
24420,sad
24421,angry
24428,sad
2443,angry
24432,surprise
24433,surprise
24435,happy
24437,happy
24441,disgust
24443,neutral
24452,angry
24460,surprise
24465,happy
24466,disgust
24473,sad
24479,sad
2448,surprise
24482,fear
24490,angry
24492,sad
245,angry
2450,happy
24501,sad
24509,happy
2451,sad
24521,happy
24530,happy
24531,happy
24535,happy
24536,happy
24539,fear
24542,sad
24543,disgust
24545,sad
24554,fear
24557,surprise
24562,surprise
24570,sad
24573,neutral
24575,neutral
24578,sad
24579,happy
2458,happy
24582,sad
24607,happy
2461,surprise
24621,fear
24625,fear
24633,happy
24643,sad
24646,surprise
24652,happy
24656,happy
24660,sad
24664,sad
24668,surprise
24678,angry
24680,neutral
24692,sad
24694,angry
24699,happy
247,happy
24711,sad
24718,happy
2472,happy
24721,sad
24725,neutral
24731,sad
24736,sad
24747,happy
24753,angry
24756,sad
2476,sad
24763,fear
24764,happy
24768,neutral
24769,surprise
24774,angry
24777,happy
24778,happy
24779,neutral
2478,angry
24783,happy
24785,neutral
24789,angry
24797,angry
24798,happy
24815,angry
24819,neutral
24820,neutral
24821,happy
24822,angry
24823,neutral
2483,happy
2484,angry
24845,happy
2485,happy
2486,disgust
2487,angry
24877,sad
24880,sad
24881,sad
24884,sad
24886,disgust
24893,disgust
249,neutral
24904,happy
24906,happy
24909,angry
24910,happy
24912,neutral
24916,sad
2492,neutral
24921,surprise
24931,fear
24942,happy
24946,happy
24948,neutral
24959,surprise
2496,neutral
24962,neutral
24963,happy
24964,sad
24967,fear
24978,sad
2498,neutral
2499,neutral
24991,happy
24992,disgust
25006,happy
25007,happy
25010,surprise
25017,happy
25018,sad
2502,sad
25021,sad
25025,angry
25028,happy
25036,surprise
25037,happy
25039,happy
25044,surprise
25045,fear
25046,fear
25048,angry
25055,neutral
25058,happy
25061,neutral
25074,surprise
25078,neutral
25082,angry
25087,happy
25088,angry
25089,neutral
25099,neutral
251,angry
2510,neutral
25101,disgust
25107,surprise
25108,angry
25109,sad
2511,angry
25117,fear
25123,happy
25126,sad
25131,angry
25133,sad
25143,surprise
25144,angry
25151,neutral
25162,surprise
25163,happy
25180,happy
25186,happy
25188,surprise
25191,neutral
25199,happy
25202,sad
25209,angry
25211,neutral
25220,disgust
25223,sad
25229,sad
25231,fear
25234,surprise
25240,fear
25242,sad
25247,sad
25250,sad
25255,angry
25267,angry
25271,happy
25275,disgust
25280,surprise
25281,sad
25287,angry
2529,surprise
25295,sad
25298,angry
2530,neutral
25306,fear
25318,sad
25319,surprise
25322,happy
25327,sad
25328,happy
2533,fear
25330,happy
25337,happy
25342,happy
25343,sad
25348,sad
2535,happy
25351,sad
25356,fear
25359,neutral
25360,neutral
25372,sad
25379,sad
25381,sad
25383,angry
2539,happy
25390,surprise
25391,neutral
25396,happy
25397,surprise
25401,neutral
25402,surprise
25409,neutral
25410,sad
25412,angry
25414,happy
25416,surprise
25420,happy
25425,angry
25431,happy
25435,angry
25438,sad
25439,angry
25443,happy
25451,neutral
25454,sad
2546,fear
25472,happy
25481,sad
25492,sad
25496,neutral
25497,sad
25507,sad
25510,sad
25517,happy
25520,neutral
25528,angry
25529,fear
25533,happy
25537,neutral
25538,disgust
25539,surprise
2554,neutral
25541,angry
25542,happy
25555,sad
2556,happy
25563,surprise
2557,angry
25570,surprise
25571,surprise
25573,neutral
25576,sad
25577,sad
25578,happy
2558,fear
25582,sad
2559,happy
25590,sad
25593,neutral
25597,sad
256,surprise
25602,happy
25604,happy
25605,fear
25610,fear
25612,angry
25615,neutral
25621,fear
25627,happy
25632,angry
25635,happy
25636,neutral
25638,sad
2564,neutral
25643,angry
25647,angry
25649,happy
2565,angry
25652,happy
25658,neutral
25668,happy
25674,surprise
25678,neutral
25681,neutral
25682,neutral
25685,neutral
25686,disgust
25687,angry
25688,sad
25695,neutral
25701,sad
25705,happy
25709,fear
25710,fear
25714,happy
25719,happy
25720,happy
25723,sad
25742,surprise
25743,neutral
25744,happy
25747,happy
25759,happy
25773,neutral
25775,happy
25778,happy
25781,surprise
25795,neutral
25797,neutral
258,sad
25800,neutral
25808,surprise
25809,happy
2581,neutral
25810,sad
25811,angry
25813,angry
25818,sad
25819,sad
25820,fear
25832,sad
25839,happy
25841,angry
25843,sad
25844,angry
25874,angry
25876,angry
2588,angry
25886,angry
25887,happy
25891,sad
25895,neutral
259,angry
25902,happy
25906,happy
25914,fear
25915,neutral
25919,neutral
2592,fear
25920,neutral
25927,surprise
2593,sad
25937,happy
25944,angry
25949,disgust
25959,surprise
25961,fear
25969,neutral
25973,angry
25978,surprise
25979,surprise
25983,fear
25985,sad
25993,happy
25994,neutral
26005,sad
26006,sad
26016,happy
26018,happy
26023,happy
26025,neutral
2603,sad
26032,happy
26034,angry
26038,angry
26040,sad
26041,angry
26046,angry
26049,neutral
26056,sad
26059,neutral
26067,neutral
26069,neutral
26076,surprise
26077,sad
26079,neutral
26081,sad
26082,neutral
26087,surprise
26091,neutral
26097,sad
26098,happy
26101,surprise
26102,surprise
26107,angry
2611,happy
26121,neutral
26124,sad
2613,angry
26131,fear
26133,surprise
26134,sad
26137,happy
2615,sad
26159,happy
26160,happy
26161,neutral
26163,angry
26169,neutral
26175,sad
26177,angry
26181,angry
26185,angry
26187,sad
2619,surprise
26190,neutral
26192,neutral
26198,sad
2620,happy
26200,neutral
26209,neutral
26210,happy
26212,happy
26223,angry
26224,happy
26227,neutral
26237,neutral
26243,surprise
26248,neutral
26249,sad
26250,fear
26264,disgust
26267,neutral
26269,sad
26270,fear
26275,angry
26283,sad
2629,happy
26292,fear
26304,neutral
26313,sad
26318,neutral
26321,angry
2633,angry
26337,sad
26338,happy
26339,neutral
2634,happy
26344,angry
26346,sad
2635,sad
26355,neutral
26363,sad
26364,sad
26368,sad
26370,happy
26377,fear
26378,sad
26385,disgust
26394,sad
26397,happy
26398,sad
264,sad
2640,happy
26402,fear
26404,sad
26409,fear
2641,fear
26411,happy
26437,sad
26443,happy
26446,angry
26452,surprise
26453,neutral
26454,disgust
26455,surprise
26456,happy
26459,happy
26462,neutral
26464,neutral
26468,happy
26469,surprise
26477,happy
26483,surprise
26484,sad
26487,surprise
2649,happy
26495,neutral
26500,sad
26501,sad
2651,disgust
26511,happy
26539,angry
26543,happy
2655,happy
26556,surprise
26563,happy
26566,angry
2657,surprise
26572,angry
26573,sad
26578,angry
26581,sad
26582,sad
26586,sad
26597,happy
26600,neutral
26612,sad
26618,angry
26620,sad
26626,happy
26647,neutral
26654,angry
26660,happy
26665,happy
26667,neutral
26670,sad
26675,sad
26676,happy
2668,angry
26682,angry
26683,sad
26702,sad
26703,happy
26708,surprise
26715,neutral
26720,sad
26725,angry
26726,sad
26736,happy
26747,sad
26767,neutral
2677,neutral
26771,sad
26772,sad
26775,surprise
2678,angry
26789,sad
26800,happy
2681,angry
26819,happy
26825,surprise
26833,neutral
26834,sad
26839,fear
26840,happy
26842,fear
26845,angry
26850,fear
26851,happy
26859,happy
26860,surprise
26873,happy
26886,sad
26888,happy
26891,happy
26892,happy
26895,happy
26899,angry
2690,fear
26900,angry
26901,neutral
26906,happy
26907,surprise
26909,happy
26910,surprise
26913,happy
26914,angry
26916,surprise
26919,angry
26927,angry
26928,disgust
26935,happy
26944,surprise
26956,happy
26959,sad
26960,happy
26961,disgust
26963,happy
26967,happy
26970,sad
26973,fear
26978,happy
26980,sad
26981,neutral
2699,neutral
270,sad
27005,sad
27006,angry
27016,angry
27022,angry
27025,neutral
27027,neutral
27035,sad
27039,surprise
27048,happy
27051,happy
27052,sad
27054,angry
27070,disgust
27077,sad
2709,sad
27094,fear
27098,fear
2710,neutral
27103,angry
27105,neutral
27106,happy
27115,happy
27117,neutral
2712,sad
27124,sad
27125,surprise
27128,happy
27140,happy
27145,angry
27152,happy
27162,surprise
27165,fear
27172,happy
27174,surprise
27187,happy
27190,happy
27193,surprise
27196,happy
27197,happy
27204,neutral
27212,happy
27218,sad
27227,happy
27229,happy
27240,surprise
27246,happy
27258,sad
2727,happy
27270,surprise
27273,surprise
27277,happy
27284,angry
27292,sad
27294,happy
27296,angry
27299,neutral
273,neutral
2730,happy
27300,fear
27305,fear
27306,neutral
27308,angry
2732,sad
27321,surprise
27325,surprise
27326,happy
27328,surprise
27329,sad
27333,sad
27334,happy
27350,fear
27359,fear
27363,fear
27365,happy
27367,happy
27369,sad
27385,angry
27400,sad
27404,happy
27405,neutral
27407,happy
27410,neutral
27413,angry
2742,disgust
27426,happy
2744,fear
27446,happy
2745,happy
27450,neutral
27452,happy
27461,sad
27464,angry
27465,neutral
2747,neutral
27471,neutral
27474,happy
2748,sad
27483,sad
27488,fear
2750,neutral
27503,angry
27508,happy
27509,angry
2751,sad
27518,sad
27522,sad
2753,neutral
27533,neutral
2754,happy
27544,angry
27554,sad
27561,angry
27562,sad
27563,happy
27566,surprise
27575,happy
27576,sad
27577,surprise
2758,surprise
27585,fear
27586,surprise
27588,sad
2759,surprise
27591,sad
27594,angry
27597,angry
276,surprise
2761,neutral
27616,happy
27619,happy
2762,happy
27625,happy
27629,fear
27635,sad
27636,happy
27642,sad
27645,happy
27646,neutral
27647,neutral
27648,happy
27650,angry
27652,surprise
27662,disgust
27671,happy
27675,happy
27681,sad
27683,surprise
27692,neutral
27694,sad
27696,surprise
2770,angry
27701,happy
27704,happy
27709,sad
2771,happy
27715,fear
27719,neutral
27726,happy
27737,fear
2774,happy
27744,sad
27752,sad
27756,surprise
27759,neutral
27764,sad
27767,angry
27770,angry
27772,sad
27774,surprise
27776,happy
27777,angry
27779,sad
27788,sad
27798,angry
27803,surprise
27806,sad
27810,sad
27823,neutral
27828,happy
27846,sad
2785,neutral
27854,happy
27864,neutral
27868,fear
27873,sad
2788,neutral
27887,fear
27889,fear
2789,sad
27899,sad
2790,happy
2791,angry
27910,fear
27913,sad
27916,fear
27919,sad
2792,angry
27926,surprise
27928,happy
27931,angry
27932,happy
27933,surprise
27937,angry
27940,happy
27944,neutral
27948,fear
27949,happy
2796,happy
27967,sad
27973,surprise
27979,surprise
27982,angry
27985,neutral
27993,sad
27995,neutral
28005,neutral
28007,happy
28014,sad
28015,neutral
28025,neutral
2803,disgust
28040,happy
28046,sad
2805,happy
28050,angry
28053,sad
28058,angry
2806,angry
28062,sad
28073,sad
28076,surprise
28082,angry
28084,sad
28091,sad
2810,happy
28100,angry
28101,angry
28105,happy
28108,happy
28115,happy
28120,angry
28130,surprise
28137,angry
28138,happy
28140,sad
28143,disgust
28144,fear
28148,angry
28149,neutral
28153,angry
2816,happy
28171,sad
28182,surprise
28189,sad
2820,happy
28207,angry
28210,angry
28219,happy
28230,sad
28235,sad
28236,surprise
28243,surprise
28248,sad
28249,happy
28251,neutral
28252,sad
28256,happy
28264,angry
28267,fear
28269,happy
28272,fear
28273,happy
28278,happy
28282,happy
28287,surprise
28288,angry
2829,neutral
28294,sad
28296,sad
28298,fear
28300,angry
28308,fear
28328,surprise
28331,angry
28332,disgust
28335,surprise
28342,fear
2835,fear
28359,sad
28367,sad
2837,surprise
28370,neutral
28376,happy
28379,happy
28383,sad
28390,fear
28396,happy
28401,happy
28415,neutral
28417,angry
28421,surprise
28424,sad
28426,happy
28438,fear
28441,surprise
28448,surprise
28453,surprise
28465,fear
28471,neutral
28474,happy
28476,surprise
28478,neutral
28480,neutral
28482,surprise
28493,sad
28498,sad
28499,sad
28501,surprise
28502,happy
28503,surprise
28507,surprise
28509,angry
28515,fear
28517,happy
28522,happy
28525,surprise
28529,happy
28531,neutral
28535,angry
28539,sad
28543,surprise
28546,neutral
28547,angry
28548,fear
28549,angry
28552,angry
28555,sad
28560,angry
28568,disgust
2857,happy
2858,fear
28581,happy
28585,angry
28590,happy
28594,happy
28596,disgust
2860,neutral
28600,happy
2861,happy
28614,angry
28618,angry
28620,neutral
28627,disgust
28632,happy
28639,surprise
28642,neutral
28653,surprise
28660,angry
28666,fear
28667,surprise
2867,happy
28676,happy
28681,sad
28688,happy
28696,angry
28700,sad
28701,happy
28704,fear
28707,surprise
2871,neutral
28710,angry
28720,angry
28723,neutral
28724,fear
28727,surprise
28729,sad
28731,neutral
28734,neutral
28737,surprise
28743,sad
28749,angry
28769,neutral
28772,surprise
28782,happy
28794,sad
28797,surprise
28800,fear
28803,angry
28807,happy
28814,happy
28836,sad
28840,neutral
28842,neutral
28846,happy
2885,happy
28854,sad
28859,disgust
2886,sad
28864,surprise
28867,angry
28871,happy
28884,neutral
28895,sad
28897,angry
2890,sad
28901,surprise
28928,happy
28932,neutral
28934,happy
28938,disgust
28949,happy
28951,neutral
28952,angry
28954,fear
28955,happy
28962,happy
28963,happy
28966,happy
28982,happy
28987,angry
29003,neutral
29005,fear
29009,disgust
2901,happy
29019,happy
2902,angry
29020,angry
29026,surprise
29027,sad
29038,sad
29043,fear
29058,angry
2906,angry
29067,happy
29068,angry
29071,sad
29074,happy
29082,sad
29085,sad
29099,fear
29110,surprise
29111,happy
29112,happy
29118,surprise
29119,angry
29121,neutral
29123,happy
29126,happy
29129,sad
2913,happy
29132,sad
2914,happy
29150,angry
29152,sad
29158,disgust
29164,surprise
29185,happy
29194,sad
29202,angry
29205,surprise
29211,happy
29214,sad
29216,neutral
29219,sad
29225,surprise
29226,disgust
29243,angry
29246,neutral
29248,angry
29256,sad
29258,happy
29266,neutral
29269,disgust
2927,neutral
29276,surprise
29283,fear
29284,fear
29285,happy
29290,disgust
29291,angry
29295,disgust
29298,sad
2930,happy
29300,happy
29305,fear
29311,sad
29315,angry
29318,sad
29319,angry
29322,fear
29324,neutral
29327,sad
29329,angry
2933,fear
2934,disgust
29349,surprise
29354,sad
29365,happy
29370,happy
29379,angry
2938,happy
29383,neutral
29388,neutral
29389,angry
29398,happy
29403,sad
29414,angry
29415,happy
29423,neutral
29428,neutral
29438,sad
2945,neutral
29456,happy
29460,happy
29464,neutral
29467,happy
29471,angry
29475,disgust
29477,neutral
29478,sad
2948,surprise
29484,surprise
2949,happy
29493,angry
2950,sad
29500,happy
29504,happy
29505,neutral
29515,surprise
29516,disgust
29523,angry
29525,neutral
29527,sad
29528,fear
29529,sad
2953,angry
29536,sad
29537,surprise
29540,surprise
29542,happy
29551,surprise
29553,sad
29554,neutral
29555,happy
29556,neutral
29557,neutral
29559,neutral
2956,surprise
29561,sad
29568,surprise
2957,neutral
29571,angry
29578,happy
29580,happy
29581,angry
29585,sad
29588,angry
29589,happy
29603,angry
29608,fear
29609,surprise
29614,happy
29617,sad
29618,surprise
29619,surprise
2962,sad
29622,disgust
29627,sad
29628,sad
29629,sad
29632,sad
29637,neutral
29645,happy
29647,happy
29648,happy
29649,happy
2965,happy
29652,angry
29664,sad
29669,fear
29674,angry
29677,happy
29680,happy
29685,angry
29690,surprise
29692,sad
29694,sad
29697,happy
29699,neutral
297,happy
29701,sad
29703,sad
29707,sad
29709,surprise
29713,fear
29720,sad
29724,sad
29730,angry
29731,neutral
29733,sad
29735,sad
29738,neutral
29756,sad
29757,angry
29758,sad
29766,happy
29769,happy
29773,happy
2978,neutral
29792,fear
29794,happy
29795,neutral
29796,surprise
29797,surprise
298,angry
29803,neutral
29818,angry
29819,disgust
29821,surprise
29834,happy
29835,sad
2984,neutral
29840,sad
29844,angry
29848,sad
2985,happy
29866,happy
29869,fear
2987,happy
29871,sad
29875,happy
2988,surprise
29884,sad
29889,happy
29892,neutral
29893,neutral
29897,neutral
29912,neutral
29916,neutral
29919,happy
29921,sad
29924,angry
29929,neutral
29931,surprise
29936,angry
29937,happy
29941,neutral
29944,neutral
29947,angry
2995,fear
29954,surprise
29970,sad
29973,sad
29977,angry
29979,happy
2998,neutral
29980,sad
29981,angry
29987,happy
29990,sad
29991,happy
29998,sad
30,happy
3000,surprise
30001,sad
30002,angry
30004,angry
30006,happy
30015,happy
30016,happy
3002,surprise
30024,angry
30035,sad
30045,angry
30053,sad
30056,sad
30058,neutral
30059,sad
30062,happy
30069,sad
3007,sad
30074,sad
30080,sad
30082,angry
30085,sad
30094,fear
30099,happy
3010,happy
30102,happy
30104,sad
30114,happy
30118,fear
30119,happy
3012,sad
30121,sad
30127,happy
30143,happy
30144,neutral
3016,happy
30164,happy
30167,neutral
30170,neutral
30171,angry
30173,fear
30174,surprise
30181,sad
30184,surprise
30188,happy
30190,surprise
30193,happy
30196,fear
30197,angry
30206,neutral
3021,angry
30216,happy
30219,fear
3022,happy
30220,neutral
30221,happy
30237,fear
3024,happy
30241,happy
30245,happy
30251,fear
30253,sad
30260,sad
30273,sad
30274,fear
30289,fear
3029,happy
30290,neutral
30292,sad
30297,neutral
30305,happy
30316,fear
30320,neutral
30325,fear
30326,sad
30328,happy
30331,sad
30332,happy
30333,fear
30336,fear
30337,disgust
30338,happy
30341,happy
30345,neutral
30346,neutral
30347,sad
30358,sad
3036,angry
30371,sad
30374,neutral
30377,sad
30394,angry
30400,happy
30407,happy
30410,neutral
30415,angry
30420,angry
30422,neutral
30424,happy
30428,disgust
30439,sad
30440,neutral
30456,angry
30458,disgust
30460,angry
30462,sad
30478,happy
30482,fear
30490,neutral
30499,angry
3050,neutral
30509,surprise
3051,neutral
30530,sad
30535,angry
30537,surprise
30541,neutral
30543,neutral
30546,neutral
30552,sad
3056,sad
30563,neutral
30564,fear
30565,fear
3057,sad
30581,neutral
30584,surprise
30585,happy
3059,sad
30594,surprise
30601,disgust
30611,angry
30619,happy
30620,surprise
30625,surprise
30628,surprise
30638,sad
30646,happy
30651,happy
30652,happy
30661,neutral
30675,happy
30683,happy
30689,happy
3069,happy
30704,happy
30713,neutral
30714,surprise
30719,disgust
30726,surprise
30728,sad
30735,angry
30737,happy
30738,surprise
30749,happy
3075,sad
30761,sad
30763,neutral
3077,happy
30772,angry
30774,angry
30779,happy
30786,angry
30789,neutral
30793,surprise
30798,sad
30808,neutral
30811,surprise
30817,sad
30818,sad
30820,happy
30822,happy
30823,happy
30825,happy
3083,happy
30830,happy
30835,happy
3084,happy
30850,neutral
30851,happy
30853,sad
30855,happy
30856,neutral
3086,happy
30867,sad
3087,angry
30871,happy
3088,angry
30893,surprise
30901,angry
30907,sad
30909,disgust
30933,sad
30936,angry
3094,sad
30943,surprise
30944,happy
30948,happy
30951,happy
30961,happy
30962,happy
30965,happy
30976,neutral
30981,happy
30989,surprise
3099,sad
31005,surprise
31007,sad
31009,sad
3101,disgust
31010,happy
31029,happy
31033,angry
31042,sad
31043,happy
31054,surprise
31056,happy
31057,happy
3106,happy
31068,fear
31072,happy
31080,happy
31081,neutral
31083,neutral
31097,surprise
31099,sad
31101,angry
31102,surprise
31104,neutral
31105,angry
31107,happy
31112,happy
31113,sad
31116,fear
3112,sad
31123,neutral
31130,neutral
31132,sad
31137,happy
31138,happy
31139,neutral
31140,happy
31141,happy
31142,sad
31145,happy
31149,sad
3115,neutral
31157,fear
31159,surprise
31164,fear
3117,happy
3118,sad
31188,fear
31189,neutral
31194,surprise
31198,surprise
312,sad
3120,happy
31203,angry
31206,surprise
31209,happy
3121,sad
31223,surprise
3123,neutral
31232,happy
31239,happy
3124,sad
31240,fear
31248,sad
31257,neutral
31263,neutral
31265,sad
31285,happy
31286,fear
31295,happy
31307,angry
3131,happy
31316,happy
3132,happy
31323,neutral
31328,sad
31330,angry
31332,sad
31341,sad
31347,neutral
31353,surprise
31357,surprise
31364,fear
31366,happy
31367,sad
3137,angry
31371,neutral
31373,neutral
31375,neutral
3138,happy
31384,happy
3139,angry
31390,sad
31395,sad
31398,angry
314,angry
31409,sad
31421,sad
31424,sad
3144,happy
31440,happy
3146,happy
31461,neutral
31478,sad
31483,angry
31486,angry
31491,angry
31506,neutral
31510,fear
31526,sad
31527,happy
31529,neutral
31533,surprise
31534,angry
31535,angry
31542,happy
31544,angry
31546,sad
31551,happy
31561,neutral
31563,surprise
31569,fear
3157,surprise
31571,happy
31572,happy
31591,neutral
31609,angry
3162,happy
31625,surprise
31627,happy
31629,happy
31631,happy
31634,sad
31635,neutral
31638,sad
31643,disgust
31653,fear
31655,fear
31659,happy
31662,surprise
31663,sad
31665,happy
31669,angry
3169,disgust
31693,sad
31697,happy
3170,surprise
31703,sad
31712,fear
31713,neutral
31720,sad
31738,sad
3174,neutral
31742,happy
31752,happy
3176,neutral
31774,neutral
31775,surprise
31781,surprise
31782,fear
31784,surprise
31796,sad
31799,surprise
31806,neutral
31811,happy
31814,surprise
3182,happy
31820,happy
31821,angry
31826,surprise
31828,disgust
31833,happy
31836,sad
31849,fear
31853,happy
31855,fear
31857,happy
31858,happy
3186,angry
31860,fear
31866,happy
31869,sad
3187,sad
31870,happy
31872,surprise
31873,angry
3188,happy
31882,surprise
31897,happy
31899,surprise
31903,fear
31908,happy
3191,neutral
31916,sad
31928,happy
31929,surprise
31940,sad
31949,neutral
31952,fear
31953,surprise
31954,sad
31961,surprise
31973,sad
31977,happy
31979,sad
31987,happy
31997,sad
32005,sad
32023,angry
32024,angry
32029,surprise
3204,neutral
32046,happy
32047,happy
32048,happy
32051,angry
3206,happy
32069,surprise
32071,angry
32076,sad
32081,neutral
3209,happy
32097,sad
32103,fear
32132,surprise
32139,sad
32142,happy
32144,happy
3215,sad
32153,surprise
32161,neutral
32165,fear
32175,sad
32177,happy
32179,surprise
32180,sad
32183,neutral
32189,sad
32202,sad
3221,fear
32216,happy
32223,happy
3223,surprise
32231,angry
3224,fear
32243,fear
32248,happy
3226,angry
32268,neutral
32278,angry
32279,fear
32281,neutral
32296,angry
32297,neutral
32298,fear
32308,happy
32315,surprise
32321,neutral
32323,surprise
32324,surprise
32330,angry
32334,surprise
32336,fear
32344,happy
32349,fear
3235,angry
32351,angry
32352,sad
32354,surprise
32355,happy
32360,happy
32365,surprise
32367,fear
32371,neutral
32372,happy
32377,happy
32382,happy
32383,sad
32388,happy
32391,sad
32394,sad
32395,surprise
32402,happy
32405,surprise
32420,surprise
32422,sad
32432,surprise
32438,sad
32439,happy
32443,neutral
32445,neutral
3245,happy
32454,surprise
32461,fear
32463,neutral
32464,fear
32467,neutral
3247,angry
32473,angry
32479,neutral
3248,happy
32481,angry
32485,angry
32487,fear
325,happy
3250,happy
32506,sad
32507,neutral
32508,sad
32510,surprise
32512,angry
32516,neutral
32530,surprise
32541,happy
32544,happy
32547,neutral
32551,sad
32565,sad
32568,happy
32569,fear
32570,angry
32574,happy
32575,neutral
32580,angry
32582,sad
32584,angry
32587,angry
32595,happy
3260,fear
32605,happy
32607,happy
32613,sad
32614,happy
32617,fear
32619,neutral
32623,angry
32624,angry
32627,happy
3263,sad
32630,surprise
32636,happy
32642,sad
32662,happy
32671,neutral
32681,disgust
32682,angry
32683,disgust
32684,surprise
32688,sad
3269,sad
32692,fear
32695,sad
32696,surprise
32711,angry
32725,happy
32727,fear
32730,neutral
32734,surprise
32744,sad
32753,surprise
32755,angry
32756,surprise
32758,sad
3276,neutral
32763,disgust
32766,sad
32768,sad
32769,happy
32773,happy
32777,angry
32778,sad
3278,happy
32782,neutral
32792,neutral
32796,happy
32799,fear
32814,sad
32817,neutral
32818,sad
32826,happy
32829,sad
32835,happy
32836,sad
32837,angry
32838,happy
32843,angry
32849,neutral
32855,angry
32859,happy
32861,neutral
32870,neutral
32876,sad
32879,fear
32889,angry
32894,surprise
32898,happy
32903,neutral
32905,neutral
32911,angry
32913,happy
32914,happy
32917,happy
32931,angry
32932,sad
32935,happy
32939,sad
32940,fear
32941,neutral
32946,angry
32950,happy
32952,happy
32953,disgust
32958,surprise
3296,angry
32965,sad
32968,fear
3297,sad
32972,fear
32973,happy
32978,sad
32979,surprise
32982,sad
32993,happy
32996,angry
32997,happy
32998,happy
330,surprise
33005,happy
33007,angry
33013,neutral
33015,angry
33016,happy
33017,happy
33022,neutral
33024,happy
3303,fear
33031,happy
33039,surprise
33046,happy
33049,neutral
33051,sad
33052,fear
33055,surprise
33065,happy
33066,disgust
33071,neutral
33072,surprise
33079,fear
33084,surprise
33089,sad
33091,happy
33094,happy
33097,fear
331,happy
33100,neutral
33105,angry
33124,sad
3313,happy
33131,angry
3314,fear
33144,happy
33147,surprise
33152,neutral
33159,sad
33174,happy
33175,happy
3318,fear
33180,surprise
33182,happy
33188,happy
33209,angry
33212,happy
33213,neutral
33215,fear
33216,happy
33219,sad
33221,sad
33227,fear
33228,happy
33231,happy
33240,angry
33243,angry
33247,disgust
33255,neutral
33258,sad
33268,happy
3327,sad
33276,fear
33283,happy
33284,disgust
33290,surprise
33295,angry
33299,fear
333,surprise
33301,happy
33302,sad
33308,angry
33316,surprise
33317,neutral
33319,happy
33320,happy
33322,happy
33326,surprise
33329,surprise
33331,surprise
3334,disgust
33343,neutral
33346,happy
33352,disgust
33357,happy
33358,angry
33364,surprise
33366,sad
33371,neutral
33373,neutral
33375,happy
33376,fear
33378,surprise
33381,happy
33390,happy
33399,sad
33405,neutral
33407,happy
33410,angry
33411,surprise
33419,surprise
33421,surprise
33423,happy
33440,fear
33444,sad
33450,fear
33452,neutral
33455,angry
33459,angry
33460,happy
33463,happy
33468,angry
33471,neutral
33490,neutral
33492,sad
33494,angry
33514,happy
33516,sad
33518,happy
33519,happy
33523,sad
33525,happy
33526,sad
33530,happy
33533,happy
33535,angry
33538,sad
3354,surprise
33544,fear
33548,fear
33559,sad
33560,neutral
33561,disgust
33564,neutral
33573,neutral
33587,fear
336,surprise
33608,fear
33609,angry
33610,happy
33617,disgust
33628,sad
33633,disgust
33636,happy
33640,sad
33642,fear
33644,surprise
33648,sad
33660,happy
33666,angry
33667,surprise
33670,angry
33673,surprise
33674,neutral
33675,happy
33677,disgust
33686,sad
33690,happy
33691,neutral
33693,sad
33699,neutral
3370,angry
33701,fear
33710,neutral
33718,sad
33727,happy
33729,angry
33736,neutral
33745,surprise
33747,sad
3375,neutral
33757,happy
33759,surprise
33762,angry
3377,sad
3378,disgust
33780,sad
33785,happy
33786,neutral
33789,surprise
33794,neutral
338,angry
33800,angry
33802,happy
33806,angry
33807,neutral
33809,angry
33813,sad
33819,neutral
3382,sad
33820,sad
33829,angry
33842,happy
33853,happy
33855,disgust
33856,angry
33858,neutral
33863,neutral
33865,neutral
33870,neutral
33874,happy
33879,surprise
33880,neutral
33890,neutral
33894,sad
3391,fear
33915,happy
33917,happy
33919,fear
3392,surprise
33924,angry
33926,angry
3393,disgust
33933,happy
33935,disgust
33936,neutral
33938,happy
33940,angry
3395,angry
33962,sad
33965,neutral
33977,happy
33981,happy
33987,sad
33988,neutral
33993,surprise
33995,disgust
33997,surprise
33998,angry
33999,happy
340,fear
34004,fear
34015,happy
3402,sad
34022,angry
34024,fear
3403,sad
34034,surprise
34036,fear
34037,neutral
34039,surprise
3404,neutral
34040,sad
34049,happy
34057,happy
34059,sad
34063,sad
34070,surprise
34072,surprise
34087,happy
34088,sad
3409,fear
34093,neutral
34097,sad
34098,happy
341,sad
3410,surprise
34100,surprise
34102,happy
3411,surprise
34117,neutral
34119,happy
3412,angry
34120,sad
34121,sad
34129,disgust
34131,sad
34134,angry
34138,angry
3414,happy
34143,angry
34151,angry
34161,neutral
34162,surprise
34170,happy
34175,angry
34176,sad
34178,angry
34184,angry
34195,sad
34201,angry
34205,neutral
34212,happy
34219,happy
3422,happy
34226,happy
3423,surprise
34234,happy
34237,surprise
34238,fear
34242,sad
34244,happy
34250,sad
34252,fear
34257,happy
34259,angry
34269,happy
34272,surprise
34277,sad
34279,sad
34288,fear
34295,happy
34302,happy
34308,happy
3431,happy
34316,happy
34324,neutral
34325,fear
3433,angry
34335,neutral
34352,sad
34356,angry
34359,surprise
34361,happy
34363,neutral
34375,happy
34382,sad
34385,fear
34386,happy
34387,neutral
34396,happy
34397,disgust
34400,surprise
34408,fear
34412,happy
34413,fear
34415,angry
34416,surprise
34427,angry
34432,disgust
34435,happy
34437,happy
34439,surprise
34448,neutral
3445,surprise
34462,fear
34464,happy
34465,happy
34468,happy
3447,happy
34471,fear
34474,angry
34477,sad
34483,happy
3449,sad
34498,happy
34505,sad
34507,neutral
34509,fear
34510,neutral
34513,sad
34519,disgust
3452,happy
34522,neutral
34526,neutral
34530,neutral
34533,neutral
34539,neutral
34545,neutral
34546,disgust
34555,sad
34557,surprise
34567,happy
34569,happy
34581,angry
34585,sad
34592,angry
34596,sad
34598,sad
34599,happy
34600,happy
34605,sad
34610,neutral
34612,neutral
34613,fear
34620,angry
34629,sad
34633,angry
34644,happy
34645,happy
34649,happy
3465,happy
34656,fear
34659,sad
34664,surprise
3467,disgust
34673,neutral
34674,surprise
34675,fear
34679,disgust
34685,neutral
34688,happy
34694,sad
34714,fear
3472,neutral
34720,happy
34722,surprise
34724,happy
34730,fear
34737,happy
34753,happy
34755,surprise
34756,surprise
34759,happy
34761,happy
34768,neutral
3477,disgust
34772,happy
34778,angry
34787,fear
34788,sad
34798,surprise
34799,angry
34813,surprise
34820,sad
34827,fear
34829,happy
34836,happy
34840,happy
34841,surprise
34844,surprise
34854,fear
34861,happy
34870,surprise
34875,neutral
34878,surprise
34879,surprise
34897,fear
34904,surprise
34905,fear
34913,sad
34917,sad
3492,sad
34920,neutral
34926,surprise
34941,happy
34945,angry
34965,happy
34968,angry
34969,happy
34972,happy
34978,fear
34979,neutral
34984,fear
34985,neutral
34986,surprise
34988,sad
34991,angry
350,sad
35009,angry
35010,neutral
3502,fear
35022,fear
35028,angry
35030,neutral
35034,sad
35039,sad
35041,neutral
35043,sad
35049,surprise
35058,sad
35059,angry
3506,sad
35063,surprise
35075,neutral
3508,sad
35083,surprise
35084,neutral
35101,happy
35108,neutral
35116,sad
35117,happy
35118,surprise
35120,sad
35121,neutral
35129,neutral
35131,sad
35142,happy
35144,surprise
35145,angry
35148,sad
35149,angry
35151,fear
35153,happy
35154,surprise
35156,fear
35162,angry
35163,neutral
35177,angry
3518,sad
35183,disgust
35192,sad
35194,surprise
35199,happy
35200,happy
35201,surprise
35202,angry
35207,surprise
35209,happy
3521,fear
35210,angry
35212,surprise
35214,neutral
35216,neutral
3522,sad
35226,neutral
35229,sad
35230,fear
35237,surprise
35238,surprise
35241,neutral
35250,angry
35255,neutral
35257,disgust
35261,sad
35267,neutral
35276,surprise
35279,sad
35291,happy
35297,neutral
35298,angry
35318,fear
35321,happy
35322,sad
35332,happy
35334,sad
35341,sad
35346,happy
3535,sad
35355,surprise
35356,neutral
35362,angry
35363,fear
35364,happy
35369,happy
3537,angry
35370,happy
35372,happy
35375,surprise
35376,disgust
3538,happy
35384,surprise
35386,sad
35387,surprise
35394,sad
35399,neutral
35400,neutral
35407,angry
35408,neutral
35410,fear
35411,neutral
35425,angry
35427,sad
3543,sad
35439,fear
35447,sad
35453,fear
35454,happy
3546,neutral
35481,happy
35484,surprise
35497,happy
35511,surprise
35514,happy
35520,neutral
35524,surprise
35528,sad
35530,surprise
35536,happy
35541,angry
35546,neutral
35547,happy
35552,fear
35559,surprise
35567,fear
35576,neutral
3558,fear
35580,disgust
35582,happy
35592,surprise
35598,happy
356,happy
35603,surprise
35605,surprise
35608,fear
35615,fear
35628,neutral
35629,fear
35639,sad
3564,angry
35644,happy
3565,sad
35657,sad
35659,sad
3566,neutral
35664,happy
35669,angry
35677,happy
35681,angry
35682,fear
35684,surprise
35685,happy
35688,surprise
35691,angry
35697,surprise
35698,happy
3570,happy
35704,neutral
35707,happy
35709,angry
35721,happy
35724,happy
35731,fear
35737,happy
3574,sad
3575,neutral
35753,sad
35754,neutral
35755,neutral
35757,surprise
35764,sad
35767,happy
35768,sad
35771,happy
35775,neutral
35787,happy
35790,surprise
35792,happy
35794,happy
35802,neutral
35804,happy
35805,angry
35809,sad
35812,neutral
35820,neutral
35823,neutral
35828,angry
35833,surprise
3584,surprise
35850,happy
35851,neutral
35852,neutral
35856,happy
35857,surprise
35860,happy
35869,happy
35872,neutral
35873,fear
35881,sad
35884,neutral
359,sad
3590,happy
3599,sad
3600,neutral
3601,neutral
3603,surprise
3607,surprise
3610,sad
3632,sad
3634,neutral
3635,surprise
3645,sad
3647,neutral
365,angry
3653,disgust
366,sad
3661,neutral
3662,happy
3663,happy
3675,surprise
3690,fear
3691,fear
370,happy
3700,neutral
3709,surprise
3714,neutral
3719,fear
3722,fear
3729,sad
3731,angry
3736,neutral
3739,sad
3742,sad
3755,fear
3756,fear
3763,happy
3765,surprise
3766,happy
3767,sad
377,sad
3772,sad
3778,disgust
3783,neutral
3785,neutral
3792,fear
3795,angry
38,angry
3802,angry
3811,happy
3818,happy
3819,sad
3825,neutral
3836,sad
3837,sad
3839,happy
3842,happy
3855,neutral
3858,surprise
3862,neutral
3869,sad
3870,neutral
3874,happy
3875,happy
3878,surprise
3891,angry
3899,neutral
3906,happy
3909,neutral
3913,sad
3922,neutral
3925,surprise
3929,neutral
3932,angry
3951,sad
3953,neutral
3958,disgust
3959,neutral
3969,happy
3972,angry
3977,angry
3978,happy
3982,fear
3985,fear
3986,neutral
3988,sad
4002,sad
4004,disgust
4015,angry
4029,happy
4033,surprise
4036,surprise
404,fear
4040,fear
4041,happy
405,neutral
4060,neutral
4062,neutral
4064,sad
4072,angry
4076,surprise
4077,angry
4080,surprise
4084,happy
4086,surprise
4090,happy
4094,happy
4098,happy
41,happy
4100,angry
4107,happy
4114,angry
4124,neutral
413,surprise
4130,angry
4133,angry
4137,happy
414,fear
4156,sad
4159,happy
4165,happy
4169,surprise
4174,happy
418,sad
4182,happy
4185,angry
4194,sad
4196,sad
4199,disgust
4200,surprise
4207,angry
4217,sad
422,sad
4223,neutral
4226,neutral
4229,happy
4233,neutral
4234,neutral
4242,surprise
4243,surprise
4248,happy
4264,happy
4265,angry
4269,happy
4274,angry
4284,happy
4289,surprise
4295,neutral
4296,disgust
4306,angry
4308,fear
4312,angry
4314,neutral
4316,fear
4317,angry
4324,angry
4328,neutral
4339,neutral
4340,surprise
4345,surprise
4347,surprise
4349,angry
435,surprise
4352,sad
4363,happy
4366,happy
4372,happy
438,surprise
4380,neutral
4381,sad
4384,angry
4389,neutral
4390,surprise
4394,neutral
4396,fear
4397,sad
44,sad
440,happy
4411,fear
4412,happy
4415,fear
4431,surprise
4433,happy
4441,angry
4443,surprise
4449,angry
4453,fear
4459,angry
446,surprise
4468,angry
4480,happy
4481,disgust
4482,sad
4485,neutral
4486,surprise
449,surprise
4492,happy
4502,fear
4506,happy
4513,surprise
4516,angry
452,happy
4523,fear
4526,happy
4534,neutral
4536,surprise
454,sad
4540,angry
4547,angry
4549,happy
4552,sad
4553,happy
4558,happy
4563,neutral
4570,happy
4572,sad
4573,neutral
4574,angry
4576,happy
4579,angry
4580,fear
4589,happy
4594,sad
4596,sad
460,fear
4606,happy
4607,happy
4615,neutral
4616,angry
4620,happy
4621,surprise
4624,sad
4634,happy
4636,surprise
4637,neutral
4640,happy
4649,happy
4650,fear
4653,surprise
4657,happy
4660,sad
4665,angry
4666,neutral
4670,sad
4672,sad
4685,surprise
4697,sad
4698,surprise
4700,neutral
4714,fear
4734,neutral
4736,angry
4737,disgust
4748,neutral
4751,fear
4752,sad
4764,sad
4770,neutral
4771,sad
4777,neutral
478,neutral
4786,happy
4791,disgust
4793,fear
4797,surprise
4802,neutral
4803,happy
4807,angry
4811,sad
4814,happy
4821,fear
4825,neutral
4827,happy
4829,happy
483,sad
4832,happy
4849,happy
485,happy
4858,fear
4860,sad
4868,neutral
487,happy
4870,fear
4878,angry
4883,fear
4888,neutral
4895,surprise
4901,happy
4910,happy
4912,fear
4917,happy
4935,happy
4937,sad
4940,neutral
4948,happy
4951,angry
4953,angry
4958,sad
4975,surprise
4979,angry
4980,happy
4986,surprise
4987,neutral
4988,happy
4996,happy
4998,angry
500,fear
5004,sad
5006,happy
5008,happy
5010,angry
5023,neutral
5037,surprise
504,sad
5046,neutral
5048,happy
505,sad
5053,neutral
5055,happy
5056,sad
5058,happy
5060,angry
5061,angry
5062,happy
5064,neutral
507,surprise
5073,neutral
5074,neutral
5077,surprise
508,neutral
5085,disgust
5087,happy
5089,happy
5097,angry
51,fear
5100,neutral
5101,fear
5102,happy
5107,fear
5110,sad
5116,happy
5117,angry
5127,happy
5138,surprise
5147,sad
5154,neutral
5166,sad
5170,neutral
5176,happy
5177,angry
5178,fear
518,surprise
5184,sad
5186,sad
5209,happy
521,angry
5220,angry
5222,surprise
5224,sad
5229,sad
5233,angry
5244,sad
5253,surprise
5258,neutral
5259,neutral
5263,fear
5264,happy
5267,happy
5269,happy
527,happy
5278,happy
5279,happy
5283,happy
5289,happy
5293,sad
5303,happy
531,sad
5310,surprise
5312,disgust
5317,sad
5318,neutral
5323,neutral
533,disgust
5340,happy
5345,neutral
5356,neutral
5360,fear
5361,sad
5374,happy
5375,surprise
538,sad
5385,sad
5400,angry
541,neutral
5417,happy
5419,fear
542,neutral
5422,fear
5432,sad
5434,fear
5435,sad
5444,neutral
5445,happy
5446,angry
5449,sad
5450,surprise
5452,happy
5459,angry
546,sad
5466,sad
5468,happy
547,neutral
5472,disgust
5477,happy
5490,neutral
5493,happy
551,neutral
5513,surprise
5514,happy
5519,angry
5523,happy
5527,neutral
553,happy
5530,surprise
5536,neutral
5548,happy
5549,neutral
5558,sad
5560,neutral
5561,neutral
5564,surprise
5567,angry
5570,angry
5582,angry
5591,neutral
5594,happy
5595,surprise
5607,sad
5610,neutral
5618,happy
5622,fear
5629,neutral
5636,surprise
5637,angry
5638,sad
5642,neutral
5651,sad
5654,fear
5664,surprise
5674,happy
568,happy
5687,neutral
5689,sad
5694,happy
5695,neutral
5705,happy
5706,fear
5708,neutral
5710,sad
5713,happy
5714,happy
5715,neutral
5717,angry
5719,happy
5724,neutral
573,disgust
5732,angry
5736,surprise
5739,neutral
5748,neutral
5749,neutral
5753,happy
5766,neutral
5771,surprise
5778,neutral
5780,angry
5783,happy
5784,neutral
5792,sad
5797,happy
580,sad
5800,happy
5807,happy
5809,fear
5810,fear
5811,neutral
5812,happy
5822,angry
5831,angry
5835,happy
5836,sad
584,happy
5853,sad
5855,fear
5857,happy
5858,sad
5859,disgust
5865,neutral
5883,sad
5888,happy
589,happy
5891,happy
5893,surprise
5902,angry
5904,happy
5910,sad
5912,angry
5919,happy
5931,sad
5938,surprise
594,happy
5942,happy
5943,surprise
5953,sad
5954,happy
5957,angry
596,neutral
5961,sad
5962,angry
5968,surprise
5976,happy
5977,happy
5984,neutral
5988,happy
5989,happy
5992,sad
5995,sad
5997,surprise
60,neutral
6009,angry
601,sad
6017,angry
6025,sad
6029,happy
6033,sad
6035,sad
6037,surprise
6045,happy
6046,fear
6050,surprise
6052,happy
6054,sad
6059,sad
6062,angry
6064,angry
6075,angry
6078,neutral
608,neutral
6088,sad
6091,fear
6095,happy
6103,neutral
6106,neutral
6109,disgust
6110,happy
6119,angry
6123,happy
6129,angry
613,sad
6136,angry
6137,angry
6149,sad
615,fear
6152,sad
6153,fear
6155,fear
6158,neutral
6167,surprise
6169,happy
6175,happy
6176,angry
6179,fear
6180,neutral
6183,happy
6184,surprise
6187,sad
6193,happy
62,happy
620,happy
6206,sad
6214,fear
6215,sad
6216,surprise
6217,happy
6219,surprise
6225,fear
6231,disgust
6232,disgust
6236,neutral
624,angry
6246,happy
6247,surprise
6265,angry
6272,happy
6274,angry
6278,angry
628,fear
6283,angry
629,happy
6304,sad
6309,surprise
6311,sad
6312,sad
6321,neutral
633,sad
6343,angry
6345,neutral
6346,happy
6347,angry
6351,neutral
6353,sad
6360,surprise
6364,angry
6365,sad
6366,sad
6368,happy
6375,angry
6378,happy
6388,happy
639,sad
6390,angry
6394,happy
6397,sad
6400,surprise
6403,happy
6410,surprise
6412,sad
6415,surprise
6416,happy
6420,angry
6425,fear
6426,neutral
6427,surprise
644,neutral
6444,happy
6449,angry
6457,happy
6459,sad
6467,sad
6469,happy
647,happy
6471,surprise
6473,happy
6484,angry
649,neutral
6492,neutral
6495,fear
65,happy
6500,happy
6502,neutral
651,neutral
6515,angry
6518,surprise
6521,angry
6522,happy
6527,neutral
6529,disgust
6532,sad
654,neutral
6547,sad
655,happy
6551,sad
6555,happy
6557,neutral
6561,angry
6563,sad
6566,neutral
657,happy
6577,happy
6580,sad
6581,angry
6584,fear
659,angry
6598,surprise
6599,neutral
6603,surprise
6608,sad
6616,angry
6618,angry
662,neutral
6621,sad
6645,sad
6647,surprise
665,angry
6652,happy
6660,sad
6664,neutral
6677,fear
6686,happy
6689,happy
6691,happy
670,surprise
6700,happy
6703,disgust
6710,sad
6711,surprise
6716,surprise
6720,neutral
6726,angry
673,neutral
6732,angry
6735,fear
6739,neutral
674,happy
6744,sad
6745,neutral
6747,fear
675,surprise
6759,happy
676,fear
6766,angry
6771,sad
6776,angry
6784,happy
6792,angry
6797,sad
680,sad
6808,fear
6809,angry
681,sad
6811,happy
6813,neutral
6814,disgust
6818,happy
6833,sad
6836,disgust
6842,neutral
6860,neutral
6865,happy
6869,neutral
6876,sad
6877,fear
688,sad
689,sad
6890,sad
6891,neutral
6897,sad
690,happy
6901,neutral
6902,angry
6904,fear
6909,fear
6914,happy
6915,fear
692,surprise
6923,angry
6926,disgust
6928,surprise
693,happy
6930,sad
6934,fear
6935,happy
6955,angry
6957,fear
6960,sad
6964,sad
6965,angry
6966,surprise
6973,fear
6977,happy
6988,fear
6989,happy
70,sad
7008,neutral
7009,neutral
7015,angry
7017,happy
7020,happy
7024,surprise
7026,happy
7027,sad
7029,surprise
7030,sad
7032,happy
7037,sad
7038,fear
7039,fear
7056,sad
7065,happy
7068,angry
7077,angry
7080,happy
7092,sad
7100,happy
7102,disgust
7103,fear
7110,happy
7116,happy
7119,sad
712,sad
7121,sad
7129,angry
7131,neutral
7136,angry
7146,sad
7150,disgust
7153,surprise
7158,sad
7159,happy
7162,happy
7165,sad
7174,angry
7182,fear
7191,happy
7192,angry
7198,sad
7200,happy
7203,surprise
721,happy
7211,surprise
7219,neutral
7220,neutral
7232,surprise
7239,neutral
7244,happy
7245,happy
7253,disgust
7254,neutral
7257,angry
726,disgust
7261,sad
7268,neutral
727,angry
7270,sad
7271,neutral
7273,disgust
7274,fear
7275,sad
7284,angry
7287,sad
729,disgust
7291,angry
7292,angry
7299,happy
73,fear
7301,happy
7302,surprise
7305,fear
7333,happy
7335,happy
7337,sad
7348,fear
7350,neutral
7361,fear
7366,angry
7371,sad
7376,sad
7379,neutral
738,happy
7392,happy
7394,neutral
7398,sad
7400,fear
7405,fear
7406,neutral
7409,angry
741,sad
7413,happy
7425,sad
7430,sad
7441,happy
7455,disgust
7459,surprise
7462,sad
7466,sad
7475,neutral
7490,sad
7492,disgust
7502,fear
7511,disgust
7512,fear
7517,fear
7531,happy
7532,happy
7536,sad
7537,surprise
7542,fear
7548,happy
7550,angry
7551,happy
7559,angry
7561,happy
7562,surprise
7566,fear
7569,neutral
7571,neutral
7580,angry
7582,surprise
7588,sad
7589,happy
759,happy
7590,happy
7592,disgust
7599,sad
7603,happy
761,sad
7618,sad
7623,angry
7626,surprise
7630,neutral
764,neutral
7655,angry
7659,angry
766,angry
7664,sad
7668,angry
767,neutral
7672,happy
7674,happy
7675,sad
7679,fear
7680,happy
7681,fear
7684,fear
7700,happy
7702,happy
7712,happy
7713,happy
7717,neutral
7724,sad
7729,disgust
7737,angry
774,surprise
7748,fear
7749,fear
7753,happy
7755,neutral
7756,fear
7761,surprise
7762,happy
7765,sad
7772,neutral
7773,neutral
7774,sad
7776,sad
7777,angry
7786,fear
7788,neutral
7793,sad
78,surprise
7804,happy
7806,neutral
7811,sad
7813,happy
7815,happy
7819,sad
7823,sad
7827,happy
783,surprise
7831,neutral
7835,disgust
7845,happy
7846,sad
7848,sad
7865,surprise
7871,happy
7874,surprise
7875,sad
7877,fear
7878,sad
788,surprise
7881,happy
7886,neutral
7892,fear
7894,angry
7903,neutral
7905,happy
7916,surprise
7919,sad
7926,surprise
7932,neutral
7937,fear
794,neutral
7943,neutral
7948,happy
7953,sad
7957,happy
7962,sad
7963,sad
7975,happy
7976,sad
7979,angry
798,angry
7980,fear
7986,happy
8,happy
80,happy
800,neutral
8000,angry
8001,angry
8003,happy
8016,surprise
8020,neutral
8021,surprise
8027,neutral
8034,happy
8035,fear
8039,angry
8040,fear
8042,surprise
8043,sad
8049,happy
8052,angry
8054,neutral
8056,happy
8063,surprise
8065,happy
8067,angry
807,angry
8076,neutral
8082,happy
8083,fear
8086,neutral
8089,neutral
8096,angry
8098,sad
8099,neutral
8102,sad
8103,neutral
8105,neutral
8115,surprise
8119,sad
8130,angry
8137,surprise
8141,neutral
8143,surprise
8146,fear
8151,angry
816,angry
8163,neutral
8164,sad
817,happy
8173,surprise
8177,happy
8178,fear
8179,happy
8188,happy
8197,sad
8203,fear
8211,happy
8216,sad
822,fear
8223,sad
8228,happy
8233,neutral
8238,sad
8239,fear
8240,disgust
8247,neutral
8252,sad
8262,neutral
8264,fear
8266,sad
8267,sad
8268,happy
8275,angry
8276,happy
8280,neutral
8284,angry
8293,happy
8295,neutral
8299,angry
8301,happy
8303,happy
8309,happy
8316,happy
8322,sad
8329,surprise
8331,happy
8333,sad
8334,happy
8338,happy
8347,sad
8350,fear
8352,sad
8355,happy
8373,sad
838,neutral
8389,sad
8390,neutral
8392,sad
8402,fear
8404,surprise
841,neutral
8410,happy
8415,happy
842,angry
8421,surprise
8424,happy
843,fear
8430,sad
8433,sad
8434,happy
8439,surprise
8449,happy
8454,sad
8457,happy
8471,sad
8473,happy
8474,fear
8478,happy
8481,sad
8483,neutral
8489,surprise
8498,neutral
85,sad
8516,fear
8525,angry
8536,neutral
8539,happy
854,angry
8548,happy
855,sad
8555,neutral
8556,angry
8559,happy
856,happy
8580,fear
8581,sad
8585,disgust
859,fear
8593,sad
8599,angry
861,fear
8611,sad
8614,sad
8637,fear
8639,angry
8645,surprise
8649,sad
8657,angry
8659,sad
8661,fear
8662,happy
867,fear
8672,fear
8677,happy
8682,happy
8685,angry
8687,neutral
8691,surprise
8694,sad
8702,sad
8704,happy
8718,sad
8719,angry
872,sad
8724,sad
8726,disgust
873,happy
8734,angry
8736,surprise
8738,sad
8753,happy
8754,fear
8756,sad
8761,sad
8762,happy
8763,neutral
8768,happy
8782,sad
8788,neutral
8795,surprise
8797,sad
880,angry
8802,fear
8814,happy
8818,surprise
8820,happy
8834,fear
8837,fear
8842,sad
8851,happy
886,angry
8861,happy
8862,fear
8863,neutral
8864,happy
8868,neutral
8876,sad
8880,happy
8886,surprise
8892,angry
8893,sad
8902,fear
891,surprise
8915,happy
8916,angry
8919,neutral
8925,sad
8928,surprise
8940,happy
8946,neutral
8948,angry
895,neutral
8953,sad
8955,sad
8958,sad
8960,happy
8969,angry
897,happy
8973,surprise
8976,neutral
898,disgust
8980,neutral
8993,happy
9005,happy
9006,neutral
9011,neutral
9012,angry
9016,happy
9017,surprise
9021,angry
9028,sad
9037,fear
9040,angry
9043,disgust
9046,neutral
9050,sad
9059,neutral
906,happy
9060,happy
9066,neutral
9069,neutral
9070,happy
9071,happy
9073,happy
9082,angry
9085,happy
9087,fear
9094,happy
9099,neutral
9100,angry
9101,sad
911,angry
9118,surprise
9119,sad
9128,neutral
913,angry
9141,surprise
9142,sad
9147,happy
9149,neutral
915,fear
9152,happy
9156,sad
9162,surprise
9167,happy
917,fear
9170,neutral
9171,neutral
9174,happy
9179,neutral
9180,happy
9202,happy
9205,fear
9206,happy
9209,fear
9219,sad
922,happy
9221,neutral
9222,happy
9232,fear
9235,neutral
9238,surprise
9246,sad
9251,surprise
9252,fear
9261,disgust
9266,angry
9267,neutral
9272,happy
9273,happy
9276,angry
9281,sad
9286,neutral
9288,neutral
9292,neutral
9293,angry
9297,disgust
9302,sad
9309,surprise
9324,angry
9327,neutral
9331,angry
9333,neutral
9335,neutral
9338,angry
9355,sad
9356,neutral
9360,sad
9367,surprise
9369,surprise
9370,angry
9371,happy
9380,surprise
9381,sad
9387,sad
9392,happy
9400,angry
9405,neutral
9412,sad
9415,neutral
9416,happy
942,happy
9420,neutral
9434,neutral
9437,happy
9442,happy
9450,angry
9453,neutral
9454,sad
9457,neutral
9459,neutral
9460,sad
9463,fear
9465,neutral
9467,neutral
947,surprise
9473,happy
9474,sad
9476,happy
9477,neutral
9486,happy
949,disgust
9498,happy
9499,surprise
9504,fear
9507,neutral
9508,sad
951,happy
9538,happy
9541,surprise
9542,sad
9543,neutral
9546,happy
9548,angry
9560,fear
9567,surprise
9570,angry
9571,happy
9598,angry
9599,happy
9602,angry
9605,happy
9606,fear
9611,fear
9615,angry
9630,surprise
9640,happy
9644,surprise
966,sad
9681,surprise
9687,happy
9689,sad
9691,sad
9693,sad
9698,disgust
9701,fear
9712,neutral
9713,neutral
9715,angry
9718,sad
973,happy
9748,angry
9769,sad
977,sad
9773,neutral
9774,happy
9776,happy
9785,angry
9786,angry
98,angry
9800,neutral
9802,happy
9803,sad
9806,surprise
9811,neutral
9830,happy
9833,happy
9838,happy
9841,sad
9842,angry
9845,happy
9853,surprise
9862,angry
9864,sad
9865,angry
9867,neutral
987,sad
9874,neutral
9878,happy
9884,angry
9885,sad
9889,neutral
9890,happy
9893,happy
9897,sad
9898,angry
9901,neutral
9923,sad
993,surprise
9931,angry
9933,angry
9936,neutral
9975,neutral
9977,happy
9979,happy
9982,neutral
9984,sad
9993,neutral
